09089356000118
19540550000121
13370835000185
13140088000199
13427325000105
00604122000197
13935893000109
19468242000132
13203354000185
09554480000107
37880206000163
47866934000174
11581339000145
09464032000112
08773135000100
00623904000173
10573521000191
16501555000157
18727053000174
22896431000110
08561701000101
01027058000191
18236120000158
01425787000104
00111100000195
00111100000276
00122210000152
00122210000233
00133320000110
00133320000209
00144430000187
00144430000268
00155540000144
00155540000225
00166650000101
00166650000292
00177760000179
00177760000250
00188870000136
00188870000217
00199980000101
00199980000284
00211090000160
00211090000240
00222200000199
00222200000270
00233310000156
00233310000237
00244420000113
00244420000202
00255530000180
00255530000261
00266640000148
00266640000229
00277750000105
00277750000296
00288860000172
00288860000253
00299970000130
00299970000210
00311080000104
00311080000287
00322190000163
00322190000244
00333300000192
00333300000273
00344410000150
00344410000230
00355520000117
00355520000206
00366630000184
00366630000265
00377740000141
00377740000222
00388850000109
00388850000290
00399960000176
00399960000257
00411070000132
00411070000213
00422180000108
00422180000280
00433290000167
00433290000248
00444400000196
00444400000277
00455510000153
00455510000234
00466620000110
00466620000200
00477730000188
00477730000269
00488840000145
00488840000226
00499950000102
00499950000293
00511060000179
00511060000250
00522170000136
00522170000217
00533280000101
00533280000284
00544390000160
00544390000241
00555500000190
00555500000270
00566610000157
00566610000238
00577720000114
00577720000203
00588830000181
00588830000262
00599940000149
00599940000220
00611050000105
00611050000296
00622160000172
00622160000253
00633270000130
00633270000210
00644380000105
00644380000288
00655490000164
00655490000245
00666600000193
00666600000274
00677710000150
00677710000231
00688820000118
00688820000207
00699930000185
00699930000266
00711040000141
00711040000222
00722150000109
00722150000290
00733260000176
00733260000257
00744370000133
00744370000214
00755480000109
00755480000281
00766590000168
00766590000249
00777700000197
00777700000278
00788810000154
00788810000235
00799920000111
00799920000200
00811030000188
00811030000269
00822140000145
00822140000226
00833250000102
00833250000293
00844360000170
00844360000250
00855470000137
00855470000218
00866580000102
00866580000285
00877690000161
00877690000242
00888800000190
00888800000271
00899910000158
00899910000239
00911020000114
00911020000203
00922130000181
00922130000262
00933240000149
00933240000220
00944350000106
00944350000297
01111100000158
01111100000239
01122210000115
01122210000204
01133320000182
01133320000263
01144430000140
01144430000220
01155540000107
01155540000298
01166650000174
01166650000255
01177760000131
01177760000212
01188870000107
01188870000280
01199980000166
01199980000247
01211090000122
01211090000203
01222200000151
01222200000232
01233310000119
01233310000208
01244420000186
01244420000267
01255530000143
01255530000224
01266640000100
01266640000291
01277750000178
01277750000259
01288860000135
01288860000216
01299970000100
01299970000283
01311080000169
01311080000240
01322190000126
01322190000207
01333300000155
01333300000236
01344410000112
01344410000201
01355520000180
01355520000260
01366630000147
01366630000228
01377740000104
01377740000295
01388850000171
01388850000252
01399960000139
01399960000210
01411070000103
01411070000286
01422180000162
01422180000243
01433290000120
01433290000200
01444400000159
01444400000230
01455510000116
01455510000205
01466620000183
01466620000264
01477730000140
01477730000221
01488840000108
01488840000299
01499950000175
01499950000256
01511060000131
01511060000212
01522170000107
01522170000280
01533280000166
01533280000247
01544390000123
01544390000204
01555500000152
01555500000233
01566610000110
01566610000209
01577720000187
01577720000268
01588830000144
01588830000225
01599940000101
01599940000292
01611050000178
01611050000259
01622160000135
01622160000216
01633270000100
01633270000283
01644380000160
01644380000240
01655490000127
01655490000208
01666600000156
01666600000237
01677710000113
01677710000202
01688820000180
01688820000261
01699930000148
01699930000229
01711040000104
01711040000295
01722150000171
01722150000252
01733260000139
01733260000210
01744370000104
01744370000287
01755480000163
01755480000244
01766590000120
01766590000201
01777700000150
01777700000230
01788810000117
01788810000206
01799920000184
01799920000265
01811030000140
01811030000221
01822140000108
01822140000299
01833250000175
01833250000256
01844360000132
01844360000213
01855470000108
01855470000280
01866580000167
01866580000248
01877690000124
01877690000205
01888800000153
01888800000234
01899910000110
01899910000200
01911020000187
01911020000268
01922130000144
01922130000225
01933240000101
01933240000292
01944350000179
01944350000250
02111100000110
02111100000200
02122210000188
02122210000269
02133320000145
02133320000226
02144430000102
02144430000293
02155540000170
02155540000250
02166650000137
02166650000218
02177760000102
02177760000285
02188870000161
02188870000242
02199980000129
02199980000200
02211090000195
02211090000276
02222200000114
02222200000203
02233310000181
02233310000262
02244420000149
02244420000220
02255530000106
02255530000297
02266640000173
02266640000254
02277750000130
02277750000211
02288860000106
02288860000289
02299970000165
02299970000246
02311080000121
02311080000202
02322190000199
02322190000270
02333300000118
02333300000207
02344410000185
02344410000266
02355520000142
02355520000223
02366630000100
02366630000290
02377740000177
02377740000258
02388850000134
02388850000215
02399960000100
02399960000282
02411070000168
02411070000249
02422180000125
02422180000206
02433290000192
02433290000273
02444400000111
02444400000200
02455510000189
02455510000260
02466620000146
02466620000227
02477730000103
02477730000294
02488840000170
02488840000251
02499950000138
02499950000219
02511060000102
02511060000285
02522170000161
02522170000242
02533280000129
02533280000200
02544390000196
02544390000277
02555500000115
02555500000204
02566610000182
02566610000263
02577720000140
02577720000220
02588830000107
02588830000298
02599940000174
02599940000255
02611050000130
02611050000211
02622160000106
02622160000289
02633270000165
02633270000246
02644380000122
02644380000203
02655490000190
02655490000270
02666600000119
02666600000208
02677710000186
02677710000267
02688820000143
02688820000224
02699930000100
02699930000291
02711040000177
02711040000258
02722150000134
02722150000215
02733260000100
02733260000282
02744370000169
02744370000240
02755480000126
02755480000207
02766590000193
02766590000274
02777700000112
02777700000201
02788810000180
02788810000260
02799920000147
02799920000228
02811030000103
02811030000294
02822140000170
02822140000251
02833250000138
02833250000219
02844360000103
02844360000286
02855470000162
02855470000243
02866580000120
02866580000200
02877690000197
02877690000278
02888800000116
02888800000205
02899910000183
02899910000264
02911020000140
02911020000220
02922130000107
02922130000298
02933240000174
02933240000255
02944350000131
02944350000212
03111100000183
03111100000264
03122210000140
03122210000221
03133320000108
03133320000299
03144430000175
03144430000256
03155540000132
03155540000213
03166650000108
03166650000280
03177760000167
03177760000248
03188870000124
03188870000205
03199980000191
03199980000272
03211090000158
03211090000239
03222200000187
03222200000268
03233310000144
03233310000225
03244420000101
03244420000292
03255530000179
03255530000250
03266640000136
03266640000217
03277750000101
03277750000284
03288860000160
03288860000241
03299970000128
03299970000209
03311080000194
03311080000275
03322190000151
03322190000232
03333300000180
03333300000261
03344410000148
03344410000229
03355520000105
03355520000296
03366630000172
03366630000253
03377740000130
03377740000210
03388850000105
03388850000288
03399960000164
03399960000245
03411070000120
03411070000201
03422180000198
03422180000279
03433290000155
03433290000236
03444400000184
03444400000265
03455510000141
03455510000222
03466620000109
03466620000290
03477730000176
03477730000257
03488840000133
03488840000214
03499950000109
03499950000281
03511060000167
03511060000248
03522170000124
03522170000205
03533280000191
03533280000272
03544390000159
03544390000230
03555500000188
03555500000269
03566610000145
03566610000226
03577720000102
03577720000293
03588830000170
03588830000250
03599940000137
03599940000218
03611050000101
03611050000284
03622160000160
03622160000241
03633270000128
03633270000209
03644380000195
03644380000276
03655490000152
03655490000233
03666600000181
03666600000262
03677710000149
03677710000220
03688820000106
03688820000297
03699930000173
03699930000254
03711040000130
03711040000210
03722150000105
03722150000288
03733260000164
03733260000245
03744370000121
03744370000202
03755480000199
03755480000270
03766590000156
03766590000237
03777700000185
03777700000266
03788810000142
03788810000223
03799920000100
03799920000290
03811030000176
03811030000257
03822140000133
03822140000214
03833250000109
03833250000281
03844360000168
03844360000249
03855470000125
03855470000206
03866580000192
03866580000273
03877690000150
03877690000230
03888800000189
03888800000260
03899910000146
03899910000227
03911020000102
03911020000293
03922130000170
03922130000250
03933240000137
03933240000218
03944350000102
03944350000285
04111100000146
04111100000227
04122210000103
04122210000294
04133320000170
04133320000251
04144430000138
04144430000219
04155540000103
04155540000286
04166650000162
04166650000243
04177760000120
04177760000200
04188870000197
04188870000278
04199980000154
04199980000235
04211090000110
04211090000200
04222200000140
04222200000220
04233310000107
04233310000298
04244420000174
04244420000255
04255530000131
04255530000212
04266640000107
04266640000280
04277750000166
04277750000247
04288860000123
04288860000204
04299970000190
04299970000271
04311080000157
04311080000238
04322190000114
04322190000203
04333300000143
04333300000224
04344410000100
04344410000291
04355520000178
04355520000259
04366630000135
04366630000216
04377740000100
04377740000283
04388850000160
04388850000240
04399960000127
04399960000208
04411070000193
04411070000274
04422180000150
04422180000231
04433290000118
04433290000207
04444400000147
04444400000228
04455510000104
04455510000295
04466620000171
04466620000252
04477730000139
04477730000210
04488840000104
04488840000287
04499950000163
04499950000244
04511060000120
04511060000200
04522170000197
04522170000278
04533280000154
04533280000235
04544390000111
04544390000200
04555500000140
04555500000221
04566610000108
04566610000299
04577720000175
04577720000256
04588830000132
04588830000213
04599940000108
04599940000280
04611050000166
04611050000247
04622160000123
04622160000204
04633270000190
04633270000271
04644380000158
04644380000239
04655490000115
04655490000204
04666600000144
04666600000225
04677710000101
04677710000292
04688820000179
04688820000250
04699930000136
04699930000217
04711040000100
04711040000283
04722150000160
04722150000240
04733260000127
04733260000208
04744370000194
04744370000275
04755480000151
04755480000232
04766590000119
04766590000208
04777700000148
04777700000229
04788810000105
04788810000296
04799920000172
04799920000253
04811030000139
04811030000210
04822140000104
04822140000287
04833250000163
04833250000244
04844360000120
04844360000201
04855470000198
04855470000279
04866580000155
04866580000236
04877690000112
04877690000201
04888800000141
04888800000222
04899910000109
04899910000290
04911020000175
04911020000256
04922130000132
04922130000213
04933240000108
04933240000280
04944350000167
04944350000248
05111100000109
05111100000290
05122210000176
05122210000257
05133320000133
05133320000214
05144430000109
05144430000281
05155540000168
05155540000249
05166650000125
05166650000206
05177760000192
05177760000273
05188870000150
05188870000230
05199980000117
05199980000206
05211090000183
05211090000264
05222200000102
05222200000293
05233310000170
05233310000250
05244420000137
05244420000218
05255530000102
05255530000285
05266640000161
05266640000242
05277750000129
05277750000200
05288860000196
05288860000277
05299970000153
05299970000234
05311080000110
05311080000209
05322190000187
05322190000268
05333300000106
05333300000297
05344410000173
05344410000254
05355520000130
05355520000211
05366630000106
05366630000289
05377740000165
05377740000246
05388850000122
05388850000203
05399960000190
05399960000270
05411070000156
05411070000237
05422180000113
05422180000202
05433290000180
05433290000261
05444400000100
05444400000290
05455510000177
05455510000258
05466620000134
05466620000215
05477730000100
05477730000282
05488840000169
05488840000240
05499950000126
05499950000207
05511060000192
05511060000273
05522170000150
05522170000230
05533280000117
05533280000206
05544390000184
05544390000265
05555500000103
05555500000294
05566610000170
05566610000251
05577720000138
05577720000219
05588830000103
05588830000286
05599940000162
05599940000243
05611050000129
05611050000200
05622160000196
05622160000277
05633270000153
05633270000234
05644380000110
05644380000200
05655490000188
05655490000269
05666600000107
05666600000298
05677710000174
05677710000255
05688820000131
05688820000212
05699930000107
05699930000280
05711040000165
05711040000246
05722150000122
05722150000203
05733260000190
05733260000270
05744370000157
05744370000238
05755480000114
05755480000203
05766590000181
05766590000262
05777700000100
05777700000291
05788810000178
05788810000259
05799920000135
05799920000216
05811030000100
05811030000282
05822140000169
05822140000240
05833250000126
05833250000207
05844360000193
05844360000274
05855470000150
05855470000231
05866580000118
05866580000207
05877690000185
05877690000266
05888800000104
05888800000295
05899910000171
05899910000252
05911020000138
05911020000219
05922130000103
05922130000286
05933240000162
05933240000243
05944350000120
05944350000200
06111100000171
06111100000252
06122210000139
06122210000210
06133320000104
06133320000287
06144430000163
06144430000244
06155540000120
06155540000201
06166650000198
06166650000279
06177760000155
06177760000236
06188870000112
06188870000201
06199980000180
06199980000260
06211090000146
06211090000227
06222200000175
06222200000256
06233310000132
06233310000213
06244420000108
06244420000280
06255530000167
06255530000248
06266640000124
06266640000205
06277750000191
06277750000272
06288860000159
06288860000230
06299970000116
06299970000205
06311080000182
06311080000263
06322190000140
06322190000220
06333300000179
06333300000250
06344410000136
06344410000217
06355520000101
06355520000284
06366630000160
06366630000241
06377740000128
06377740000209
06388850000195
06388850000276
06399960000152
06399960000233
06411070000119
06411070000208
06422180000186
06422180000267
06433290000143
06433290000224
06444400000172
06444400000253
06455510000130
06455510000210
06466620000105
06466620000288
06477730000164
06477730000245
06488840000121
06488840000202
06499950000199
06499950000270
06511060000155
06511060000236
06522170000112
06522170000201
06533280000180
06533280000260
06544390000147
06544390000228
06555500000176
06555500000257
06566610000133
06566610000214
06577720000109
06577720000281
06588830000168
06588830000249
06599940000125
06599940000206
06611050000191
06611050000272
06622160000159
06622160000230
06633270000116
06633270000205
06644380000183
06644380000264
06655490000140
06655490000221
06666600000170
06666600000250
06677710000137
06677710000218
06688820000102
06688820000285
06699930000161
06699930000242
06711040000128
06711040000209
06722150000195
06722150000276
06733260000152
06733260000233
06744370000110
06744370000209
06755480000187
06755480000268
06766590000144
06766590000225
06777700000173
06777700000254
06788810000130
06788810000211
06799920000106
06799920000289
06811030000164
06811030000245
06822140000121
06822140000202
06833250000199
06833250000270
06844360000156
06844360000237
06855470000113
06855470000202
06866580000180
06866580000261
06877690000148
06877690000229
06888800000177
06888800000258
06899910000134
06899910000215
06911020000109
06911020000281
06922130000168
06922130000249
06933240000125
06933240000206
06944350000192
06944350000273
07111100000134
07111100000215
07122210000100
07122210000282
07133320000169
07133320000240
07144430000126
07144430000207
07155540000193
07155540000274
07166650000150
07166650000231
07177760000118
07177760000207
07188870000185
07188870000266
07199980000142
07199980000223
07211090000109
07211090000290
07222200000138
07222200000219
07233310000103
07233310000286
07244420000162
07244420000243
07255530000120
07255530000200
07266640000197
07266640000278
07277750000154
07277750000235
07288860000111
07288860000200
07299970000189
07299970000260
07311080000145
07311080000226
07322190000102
07322190000293
07333300000131
07333300000212
07344410000107
07344410000280
07355520000166
07355520000247
07366630000123
07366630000204
07377740000190
07377740000271
07388850000158
07388850000239
07399960000115
07399960000204
07411070000181
07411070000262
07422180000149
07422180000220
07433290000106
07433290000297
07444400000135
07444400000216
07455510000100
07455510000283
07466620000160
07466620000240
07477730000127
07477730000208
07488840000194
07488840000275
07499950000151
07499950000232
07511060000118
07511060000207
07522170000185
07522170000266
07533280000142
07533280000223
07544390000100
07544390000290
07555500000139
07555500000210
07566610000104
07566610000287
07577720000163
07577720000244
07588830000120
07588830000201
07599940000198
07599940000279
07611050000154
07611050000235
07622160000111
07622160000200
07633270000189
07633270000260
07644380000146
07644380000227
07655490000103
07655490000294
07666600000132
07666600000213
07677710000108
07677710000280
07688820000167
07688820000248
07699930000124
07699930000205
07711040000190
07711040000271
07722150000158
07722150000239
07733260000115
07733260000204
07744370000182
07744370000263
07755480000140
07755480000220
07766590000107
07766590000298
07777700000136
07777700000217
07788810000101
07788810000284
07799920000160
07799920000241
07811030000127
07811030000208
07822140000194
07822140000275
07833250000151
07833250000232
07844360000119
07844360000208
07855470000186
07855470000267
07866580000143
07866580000224
07877690000100
07877690000291
07888800000130
07888800000210
07899910000105
07899910000288
07911020000163
07911020000244
07922130000120
07922130000201
07933240000198
07933240000279
07944350000155
07944350000236
08111100000105
08111100000288
08122210000164
08122210000245
08133320000121
08133320000202
08144430000199
08144430000270
08155540000156
08155540000237
08166650000113
08166650000202
08177760000180
08177760000261
08188870000148
08188870000229
08199980000105
08199980000296
08211090000171
08211090000252
08222200000109
08222200000281
08233310000168
08233310000249
08244420000125
08244420000206
08255530000192
08255530000273
08266640000150
08266640000230
08277750000117
08277750000206
08288860000184
08288860000265
08299970000141
08299970000222
08311080000108
08311080000299
08322190000175
08322190000256
08333300000102
08333300000285
08344410000161
08344410000242
08355520000129
08355520000200
08366630000196
08366630000277
08377740000153
08377740000234
08388850000110
08388850000200
08399960000188
08399960000269
08411070000144
08411070000225
08422180000101
08422180000292
08433290000179
08433290000250
08444400000106
08444400000289
08455510000165
08455510000246
08466620000122
08466620000203
08477730000190
08477730000270
08488840000157
08488840000238
08499950000114
08499950000203
08511060000180
08511060000261
08522170000148
08522170000229
08533280000105
08533280000296
08544390000172
08544390000253
08555500000100
08555500000282
08566610000169
08566610000240
08577720000126
08577720000207
08588830000193
08588830000274
08599940000150
08599940000231
08611050000117
08611050000206
08622160000184
08622160000265
08633270000141
08633270000222
08644380000109
08644380000290
08655490000176
08655490000257
08666600000103
08666600000286
08677710000162
08677710000243
08688820000120
08688820000200
08699930000197
08699930000278
08711040000153
08711040000234
08722150000110
08722150000200
08733260000188
08733260000269
08744370000145
08744370000226
08755480000102
08755480000293
08766590000170
08766590000250
08777700000107
08777700000280
08788810000166
08788810000247
08799920000123
08799920000204
08811030000190
08811030000270
08822140000157
08822140000238
08833250000114
08833250000203
08844360000181
08844360000262
08855470000149
08855470000220
08866580000106
08866580000297
08877690000173
08877690000254
08888800000100
08888800000283
08899910000160
08899910000240
08911020000126
08911020000207
08922130000193
08922130000274
08933240000150
08933240000231
08944350000118
08944350000207
09111100000160
09111100000240
09122210000127
09122210000208
09133320000194
09133320000275
09144430000151
09144430000232
09155540000119
09155540000208
09166650000186
09166650000267
09177760000143
09177760000224
09188870000100
09188870000291
09199980000178
09199980000259
09211090000134
09211090000215
09222200000163
09222200000244
09233310000120
09233310000201
09244420000198
09244420000279
09255530000155
09255530000236
09266640000112
09266640000201
09277750000180
09277750000260
09288860000147
09288860000228
09299970000104
09299970000295
09311080000170
09311080000251
09322190000138
09322190000219
09333300000167
09333300000248
09344410000124
09344410000205
09355520000191
09355520000272
09366630000159
09366630000230
09377740000116
09377740000205
09388850000183
09388850000264
09399960000140
09399960000221
09411070000107
09411070000298
09422180000174
09422180000255
09433290000131
09433290000212
09444400000160
09444400000241
09455510000128
09455510000209
09466620000195
09466620000276
09477730000152
09477730000233
09488840000110
09488840000209
09499950000187
09499950000268
09511060000143
09511060000224
09522170000100
09522170000291
09533280000178
09533280000259
09544390000135
09544390000216
09555500000164
09555500000245
09566610000121
09566610000202
09577720000199
09577720000270
09588830000156
09588830000237
09599940000113
09599940000202
09611050000180
09611050000260
09622160000147
09622160000228
09633270000104
09633270000295
09644380000171
09644380000252
09655490000139
09655490000210
09666600000168
09666600000249
09677710000125
09677710000206
09688820000192
09688820000273
09699930000150
09699930000230
09711040000116
09711040000205
09722150000183
09722150000264
09733260000140
09733260000221
09744370000108
09744370000299
09755480000175
09755480000256
09766590000132
09766590000213
09777700000161
09777700000242
09788810000129
09788810000200
09799920000196
09799920000277
09811030000152
09811030000233
09822140000110
09822140000209
09833250000187
09833250000268
09844360000144
09844360000225
09855470000101
09855470000292
09866580000179
09866580000250
09877690000136
09877690000217
09888800000165
09888800000246
09899910000122
09899910000203
09911020000199
09911020000270
09922130000156
09922130000237
09933240000113
09933240000202
09944350000180
09944350000261
10111100000149
10111100000220
10122210000106
10122210000297
10133320000173
10133320000254
10144430000130
10144430000211
10155540000106
10155540000289
10166650000165
10166650000246
10177760000122
10177760000203
10188870000190
10188870000270
10199980000157
10199980000238
10211090000113
10211090000202
10222200000142
10222200000223
10233310000100
10233310000290
10244420000177
10244420000258
10255530000134
10255530000215
10266640000100
10266640000282
10277750000169
10277750000240
10288860000126
10288860000207
10299970000193
10299970000274
10311080000150
10311080000230
10322190000117
10322190000206
10333300000146
10333300000227
10344410000103
10344410000294
10355520000170
10355520000251
10366630000138
10366630000219
10377740000103
10377740000286
10388850000162
10388850000243
10399960000120
10399960000200
10411070000196
10411070000277
10422180000153
10422180000234
10433290000110
10433290000200
10444400000140
10444400000220
10455510000107
10455510000298
10466620000174
10466620000255
10477730000131
10477730000212
10488840000107
10488840000280
10499950000166
10499950000247
10511060000122
10511060000203
10522170000190
10522170000270
10533280000157
10533280000238
10544390000114
10544390000203
10555500000143
10555500000224
10566610000100
10566610000291
10577720000178
10577720000259
10588830000135
10588830000216
10599940000100
10599940000283
10611050000169
10611050000240
10622160000126
10622160000207
10633270000193
10633270000274
10644380000150
10644380000231
10655490000118
10655490000207
10666600000147
10666600000228
10677710000104
10677710000295
10688820000171
10688820000252
10699930000139
10699930000210
10711040000103
10711040000286
10722150000162
10722150000243
10733260000120
10733260000200
10744370000197
10744370000278
10755480000154
10755480000235
10766590000111
10766590000200
10777700000140
10777700000221
10788810000108
10788810000299
10799920000175
10799920000256
10811030000131
10811030000212
10822140000107
10822140000280
10833250000166
10833250000247
10844360000123
10844360000204
10855470000190
10855470000271
10866580000158
10866580000239
10877690000115
10877690000204
10888800000144
10888800000225
10899910000101
10899910000292
10911020000178
10911020000259
10922130000135
10922130000216
10933240000100
10933240000283
10944350000160
10944350000240
11111100000101
11111100000292
11122210000179
11122210000250
11133320000136
11133320000217
11144430000101
11144430000284
11155540000160
11155540000241
11166650000128
11166650000209
11177760000195
11177760000276
11188870000152
11188870000233
11199980000110
11199980000209
11211090000186
11211090000267
11222200000105
11222200000296
11233310000172
11233310000253
11244420000130
11244420000210
11255530000105
11255530000288
11266640000164
11266640000245
11277750000121
11277750000202
11288860000199
11288860000270
11299970000156
11299970000237
11311080000112
11311080000201
11322190000180
11322190000260
11333300000109
11333300000290
11344410000176
11344410000257
11355520000133
11355520000214
11366630000109
11366630000281
11377740000168
11377740000249
11388850000125
11388850000206
11399960000192
11399960000273
11411070000159
11411070000230
11422180000116
11422180000205
11433290000183
11433290000264
11444400000102
11444400000293
11455510000170
11455510000250
11466620000137
11466620000218
11477730000102
11477730000285
11488840000161
11488840000242
11499950000129
11499950000200
11511060000195
11511060000276
11522170000152
11522170000233
11533280000110
11533280000209
11544390000187
11544390000268
11555500000106
11555500000297
11566610000173
11566610000254
11577720000130
11577720000211
11588830000106
11588830000289
11599940000165
11599940000246
11611050000121
11611050000202
11622160000199
11622160000270
11633270000156
11633270000237
11644380000113
11644380000202
11655490000180
11655490000261
11666600000100
11666600000290
11677710000177
11677710000258
11688820000134
11688820000215
11699930000100
11699930000282
11711040000168
11711040000249
11722150000125
11722150000206
11733260000192
11733260000273
11744370000150
11744370000230
11755480000117
11755480000206
11766590000184
11766590000265
11777700000103
11777700000294
11788810000170
11788810000251
11799920000138
11799920000219
11811030000102
11811030000285
11822140000161
11822140000242
11833250000129
11833250000200
11844360000196
11844360000277
11855470000153
11855470000234
11866580000110
11866580000200
11877690000188
11877690000269
11888800000107
11888800000298
11899910000174
11899910000255
11911020000130
11911020000211
11922130000106
11922130000289
11933240000165
11933240000246
11944350000122
11944350000203
12111100000174
12111100000255
12122210000131
12122210000212
12133320000107
12133320000280
12144430000166
12144430000247
12155540000123
12155540000204
12166650000190
12166650000271
12177760000158
12177760000239
12188870000115
12188870000204
12199980000182
12199980000263
12211090000149
12211090000220
12222200000178
12222200000259
12233310000135
12233310000216
12244420000100
12244420000283
12255530000160
12255530000240
12266640000127
12266640000208
12277750000194
12277750000275
12288860000151
12288860000232
12299970000119
12299970000208
12311080000185
12311080000266
12322190000142
12322190000223
12333300000171
12333300000252
12344410000139
12344410000210
12355520000104
12355520000287
12366630000163
12366630000244
12377740000120
12377740000201
12388850000198
12388850000279
12399960000155
12399960000236
12411070000111
12411070000200
12422180000189
12422180000260
12433290000146
12433290000227
12444400000175
12444400000256
12455510000132
12455510000213
12466620000108
12466620000280
12477730000167
12477730000248
12488840000124
12488840000205
12499950000191
12499950000272
12511060000158
12511060000239
12522170000115
12522170000204
12533280000182
12533280000263
12544390000140
12544390000220
12555500000179
12555500000250
12566610000136
12566610000217
12577720000101
12577720000284
12588830000160
12588830000241
12599940000128
12599940000209
12611050000194
12611050000275
12622160000151
12622160000232
12633270000119
12633270000208
12644380000186
12644380000267
12655490000143
12655490000224
12666600000172
12666600000253
12677710000130
12677710000210
12688820000105
12688820000288
12699930000164
12699930000245
12711040000120
12711040000201
12722150000198
12722150000279
12733260000155
12733260000236
12744370000112
12744370000201
12755480000180
12755480000260
12766590000147
12766590000228
12777700000176
12777700000257
12788810000133
12788810000214
12799920000109
12799920000281
12811030000167
12811030000248
12822140000124
12822140000205
12833250000191
12833250000272
12844360000159
12844360000230
12855470000116
12855470000205
12866580000183
12866580000264
12877690000140
12877690000221
12888800000170
12888800000250
12899910000137
12899910000218
12911020000101
12911020000284
12922130000160
12922130000241
12933240000128
12933240000209
12944350000195
12944350000276
13111100000137
13111100000218
13122210000102
13122210000285
13133320000161
13133320000242
13144430000129
13144430000200
13155540000196
13155540000277
13166650000153
13166650000234
13177760000110
13177760000200
13188870000188
13188870000269
13199980000145
13199980000226
13211090000101
13211090000292
13222200000130
13222200000211
13233310000106
13233310000289
13244420000165
13244420000246
13255530000122
13255530000203
13266640000190
13266640000270
13277750000157
13277750000238
13288860000114
13288860000203
13299970000181
13299970000262
13311080000148
13311080000229
13322190000105
13322190000296
13333300000134
13333300000215
13344410000100
13344410000282
13355520000169
13355520000240
13366630000126
13366630000207
13377740000193
13377740000274
13388850000150
13388850000231
13399960000118
13399960000207
13411070000184
13411070000265
13422180000141
13422180000222
13433290000109
13433290000290
13444400000138
13444400000219
13455510000103
13455510000286
13466620000162
13466620000243
13477730000120
13477730000200
13488840000197
13488840000278
13499950000154
13499950000235
13511060000110
13511060000200
13522170000188
13522170000269
13533280000145
13533280000226
13544390000102
13544390000293
13555500000131
13555500000212
13566610000107
13566610000280
13577720000166
13577720000247
13588830000123
13588830000204
13599940000190
13599940000271
13611050000157
13611050000238
13622160000114
13622160000203
13633270000181
13633270000262
13644380000149
13644380000220
13655490000106
13655490000297
13666600000135
13666600000216
13677710000100
13677710000283
13688820000160
13688820000240
13699930000127
13699930000208
13711040000193
13711040000274
13722150000150
13722150000231
13733260000118
13733260000207
13744370000185
13744370000266
13755480000142
13755480000223
13766590000100
13766590000290
13777700000139
13777700000210
13788810000104
13788810000287
13799920000163
13799920000244
13811030000120
13811030000200
13822140000197
13822140000278
13833250000154
13833250000235
13844360000111
13844360000200
13855470000189
13855470000260
13866580000146
13866580000227
13877690000103
13877690000294
13888800000132
13888800000213
13899910000108
13899910000280
13911020000166
13911020000247
13922130000123
13922130000204
13933240000190
13933240000271
13944350000158
13944350000239
14111100000108
14111100000280
14122210000167
14122210000248
14133320000124
14133320000205
14144430000191
14144430000272
14155540000159
14155540000230
14166650000116
14166650000205
14177760000183
14177760000264
14188870000140
14188870000221
14199980000108
14199980000299
14211090000174
14211090000255
14222200000101
14222200000284
14233310000160
14233310000241
14244420000128
14244420000209
14255530000195
14255530000276
14266640000152
14266640000233
14277750000110
14277750000209
14288860000187
14288860000268
14299970000144
14299970000225
14311080000100
14311080000291
14322190000178
14322190000259
14333300000105
14333300000288
14344410000164
14344410000245
14355520000121
14355520000202
14366630000199
14366630000270
14377740000156
14377740000237
14388850000113
14388850000202
14399960000180
14399960000261
14411070000147
14411070000228
14422180000104
14422180000295
14433290000171
14433290000252
14444400000109
14444400000281
14455510000168
14455510000249
14466620000125
14466620000206
14477730000192
14477730000273
14488840000150
14488840000230
14499950000117
14499950000206
14511060000183
14511060000264
14522170000140
14522170000221
14533280000108
14533280000299
14544390000175
14544390000256
14555500000102
14555500000285
14566610000161
14566610000242
14577720000129
14577720000200
14588830000196
14588830000277
14599940000153
14599940000234
14611050000110
14611050000209
14622160000187
14622160000268
14633270000144
14633270000225
14644380000101
14644380000292
14655490000179
14655490000250
14666600000106
14666600000289
14677710000165
14677710000246
14688820000122
14688820000203
14699930000190
14699930000270
14711040000156
14711040000237
14722150000113
14722150000202
14733260000180
14733260000261
14744370000148
14744370000229
14755480000105
14755480000296
14766590000172
14766590000253
14777700000100
14777700000282
14788810000169
14788810000240
14799920000126
14799920000207
14811030000192
14811030000273
14822140000150
14822140000230
14833250000117
14833250000206
14844360000184
14844360000265
14855470000141
14855470000222
14866580000109
14866580000290
14877690000176
14877690000257
14888800000103
14888800000286
14899910000162
14899910000243
14911020000129
14911020000200
14922130000196
14922130000277
14933240000153
14933240000234
14944350000110
14944350000200
15111100000162
15111100000243
15122210000120
15122210000200
15133320000197
15133320000278
15144430000154
15144430000235
15155540000111
15155540000200
15166650000189
15166650000260
15177760000146
15177760000227
15188870000103
15188870000294
15199980000170
15199980000251
15211090000137
15211090000218
15222200000166
15222200000247
15233310000123
15233310000204
15244420000190
15244420000271
15255530000158
15255530000239
15266640000115
15266640000204
15277750000182
15277750000263
15288860000140
15288860000220
15299970000107
15299970000298
15311080000173
15311080000254
15322190000130
15322190000211
15333300000160
15333300000240
15344410000127
15344410000208
15355520000194
15355520000275
15366630000151
15366630000232
15377740000119
15377740000208
15388850000186
15388850000267
15399960000143
15399960000224
15411070000100
15411070000290
15422180000177
15422180000258
15433290000134
15433290000215
15444400000163
15444400000244
15455510000120
15455510000201
15466620000198
15466620000279
15477730000155
15477730000236
15488840000112
15488840000201
15499950000180
15499950000260
15511060000146
15511060000227
15522170000103
15522170000294
15533280000170
15533280000251
15544390000138
15544390000219
15555500000167
15555500000248
15566610000124
15566610000205
15577720000191
15577720000272
15588830000159
15588830000230
15599940000116
15599940000205
15611050000182
15611050000263
15622160000140
15622160000220
15633270000107
15633270000298
15644380000174
15644380000255
15655490000131
15655490000212
15666600000160
15666600000241
15677710000128
15677710000209
15688820000195
15688820000276
15699930000152
15699930000233
15711040000119
15711040000208
15722150000186
15722150000267
15733260000143
15733260000224
15744370000100
15744370000291
15755480000178
15755480000259
15766590000135
15766590000216
15777700000164
15777700000245
15788810000121
15788810000202
15799920000199
15799920000270
15811030000155
15811030000236
15822140000112
15822140000201
15833250000180
15833250000260
15844360000147
15844360000228
15855470000104
15855470000295
15866580000171
15866580000252
15877690000139
15877690000210
15888800000168
15888800000249
15899910000125
15899910000206
15911020000191
15911020000272
15922130000159
15922130000230
15933240000116
15933240000205
15944350000183
15944350000264
16111100000125
16111100000206
16122210000192
16122210000273
16133320000150
16133320000230
16144430000117
16144430000206
16155540000184
16155540000265
16166650000141
16166650000222
16177760000109
16177760000290
16188870000176
16188870000257
16199980000133
16199980000214
16211090000108
16211090000280
16222200000129
16222200000200
16233310000196
16233310000277
16244420000153
16244420000234
16255530000110
16255530000200
16266640000188
16266640000269
16277750000145
16277750000226
16288860000102
16288860000293
16299970000170
16299970000250
16311080000136
16311080000217
16322190000101
16322190000284
16333300000122
16333300000203
16344410000190
16344410000270
16355520000157
16355520000238
16366630000114
16366630000203
16377740000181
16377740000262
16388850000149
16388850000220
16399960000106
16399960000297
16411070000172
16411070000253
16422180000130
16422180000210
16433290000105
16433290000288
16444400000126
16444400000207
16455510000193
16455510000274
16466620000150
16466620000231
16477730000118
16477730000207
16488840000185
16488840000266
16499950000142
16499950000223
16511060000109
16511060000290
16522170000176
16522170000257
16533280000133
16533280000214
16544390000109
16544390000281
16555500000120
16555500000200
16566610000197
16566610000278
16577720000154
16577720000235
16588830000111
16588830000200
16599940000189
16599940000260
16611050000145
16611050000226
16622160000102
16622160000293
16633270000170
16633270000250
16644380000137
16644380000218
16655490000102
16655490000285
16666600000123
16666600000204
16677710000190
16677710000271
16688820000158
16688820000239
16699930000115
16699930000204
16711040000181
16711040000262
16722150000149
16722150000220
16733260000106
16733260000297
16744370000173
16744370000254
16755480000130
16755480000211
16766590000106
16766590000289
16777700000127
16777700000208
16788810000194
16788810000275
16799920000151
16799920000232
16811030000118
16811030000207
16822140000185
16822140000266
16833250000142
16833250000223
16844360000100
16844360000290
16855470000177
16855470000258
16866580000134
16866580000215
16877690000100
16877690000282
16888800000120
16888800000201
16899910000198
16899910000279
16911020000154
16911020000235
16922130000111
16922130000200
16933240000189
16933240000260
16944350000146
16944350000227
17111100000198
17111100000279
17122210000155
17122210000236
17133320000112
17133320000201
17144430000180
17144430000260
17155540000147
17155540000228
17166650000104
17166650000295
17177760000171
17177760000252
17188870000139
17188870000210
17199980000104
17199980000287
17211090000162
17211090000243
17222200000191
17222200000272
17233310000159
17233310000230
17244420000116
17244420000205
17255530000183
17255530000264
17266640000140
17266640000221
17277750000108
17277750000299
17288860000175
17288860000256
17299970000132
17299970000213
17311080000107
17311080000280
17322190000166
17322190000247
17333300000195
17333300000276
17344410000152
17344410000233
17355520000110
17355520000209
17366630000187
17366630000268
17377740000144
17377740000225
17388850000101
17388850000292
17399960000179
17399960000250
17411070000135
17411070000216
17422180000100
17422180000283
17433290000160
17433290000240
17444400000199
17444400000270
17455510000156
17455510000237
17466620000113
17466620000202
17477730000180
17477730000261
17488840000148
17488840000229
17499950000105
17499950000296
17511060000171
17511060000252
17522170000139
17522170000210
17533280000104
17533280000287
17544390000163
17544390000244
17555500000192
17555500000273
17566610000150
17566610000230
17577720000117
17577720000206
17588830000184
17588830000265
17599940000141
17599940000222
17611050000108
17611050000299
17622160000175
17622160000256
17633270000132
17633270000213
17644380000108
17644380000280
17655490000167
17655490000248
17666600000196
17666600000277
17677710000153
17677710000234
17688820000110
17688820000200
17699930000188
17699930000269
17711040000144
17711040000225
17722150000101
17722150000292
17733260000179
17733260000250
17744370000136
17744370000217
17755480000101
17755480000284
17766590000160
17766590000241
17777700000190
17777700000270
17788810000157
17788810000238
17799920000114
17799920000203
17811030000180
17811030000261
17822140000148
17822140000229
17833250000105
17833250000296
17844360000172
17844360000253
17855470000130
17855470000210
17866580000105
17866580000288
17877690000164
17877690000245
17888800000193
17888800000274
17899910000150
17899910000231
17911020000117
17911020000206
17922130000184
17922130000265
17933240000141
17933240000222
17944350000109
17944350000290
18111100000150
18111100000231
18122210000118
18122210000207
18133320000185
18133320000266
18144430000142
18144430000223
18155540000100
18155540000290
18166650000177
18166650000258
18177760000134
18177760000215
18188870000100
18188870000282
18199980000169
18199980000240
18211090000125
18211090000206
18222200000154
18222200000235
18233310000111
18233310000200
18244420000189
18244420000260
18255530000146
18255530000227
18266640000103
18266640000294
18277750000170
18277750000251
18288860000138
18288860000219
18299970000103
18299970000286
18311080000161
18311080000242
18322190000129
18322190000200
18333300000158
18333300000239
18344410000115
18344410000204
18355520000182
18355520000263
18366630000140
18366630000220
18377740000107
18377740000298
18388850000174
18388850000255
18399960000131
18399960000212
18411070000106
18411070000289
18422180000165
18422180000246
18433290000122
18433290000203
18444400000151
18444400000232
18455510000119
18455510000208
18466620000186
18466620000267
18477730000143
18477730000224
18488840000100
18488840000291
18499950000178
18499950000259
18511060000134
18511060000215
18522170000100
18522170000282
18533280000169
18533280000240
18544390000126
18544390000207
18555500000155
18555500000236
18566610000112
18566610000201
18577720000180
18577720000260
18588830000147
18588830000228
18599940000104
18599940000295
18611050000170
18611050000251
18622160000138
18622160000219
18633270000103
18633270000286
18644380000162
18644380000243
18655490000120
18655490000200
18666600000159
18666600000230
18677710000116
18677710000205
18688820000183
18688820000264
18699930000140
18699930000221
18711040000107
18711040000298
18722150000174
18722150000255
18733260000131
18733260000212
18744370000107
18744370000280
18755480000166
18755480000247
18766590000123
18766590000204
18777700000152
18777700000233
18788810000110
18788810000209
18799920000187
18799920000268
18811030000143
18811030000224
18822140000100
18822140000291
18833250000178
18833250000259
18844360000135
18844360000216
18855470000100
18855470000283
18866580000160
18866580000240
18877690000127
18877690000208
18888800000156
18888800000237
18899910000113
18899910000202
18911020000180
18911020000260
18922130000147
18922130000228
18933240000104
18933240000295
18944350000171
18944350000252
19111100000113
19111100000202
19122210000180
19122210000261
19133320000148
19133320000229
19144430000105
19144430000296
19155540000172
19155540000253
19166650000130
19166650000210
19177760000105
19177760000288
19188870000164
19188870000245
19199980000121
19199980000202
19211090000198
19211090000279
19222200000117
19222200000206
19233310000184
19233310000265
19244420000141
19244420000222
19255530000109
19255530000290
19266640000176
19266640000257
19277750000133
19277750000214
19288860000109
19288860000281
19299970000168
19299970000249
19311080000124
19311080000205
19322190000191
19322190000272
19333300000110
19333300000200
19344410000188
19344410000269
19355520000145
19355520000226
19366630000102
19366630000293
19377740000170
19377740000250
19388850000137
19388850000218
19399960000102
19399960000285
19411070000160
19411070000241
19422180000128
19422180000209
19433290000195
19433290000276
19444400000114
19444400000203
19455510000181
19455510000262
19466620000149
19466620000220
19477730000106
19477730000297
19488840000173
19488840000254
19499950000130
19499950000211
19511060000105
19511060000288
19522170000164
19522170000245
19533280000121
19533280000202
19544390000199
19544390000270
19555500000118
19555500000207
19566610000185
19566610000266
19577720000142
19577720000223
19588830000100
19588830000290
19599940000177
19599940000258
19611050000133
19611050000214
19622160000109
19622160000281
19633270000168
19633270000249
19644380000125
19644380000206
19655490000192
19655490000273
19666600000111
19666600000200
19677710000189
19677710000260
19688820000146
19688820000227
19699930000103
19699930000294
19711040000170
19711040000250
19722150000137
19722150000218
19733260000102
19733260000285
19744370000161
19744370000242
19755480000129
19755480000200
19766590000196
19766590000277
19777700000115
19777700000204
19788810000182
19788810000263
19799920000140
19799920000220
19811030000106
19811030000297
19822140000173
19822140000254
19833250000130
19833250000211
19844360000106
19844360000289
19855470000165
19855470000246
19866580000122
19866580000203
19877690000190
19877690000270
19888800000119
19888800000208
19899910000186
19899910000267
19911020000142
19911020000223
19922130000100
19922130000290
19933240000177
19933240000258
19944350000134
19944350000215
20111100000100
20111100000283
20122210000160
20122210000240
20133320000127
20133320000208
20144430000194
20144430000275
20155540000151
20155540000232
20166650000119
20166650000208
20177760000186
20177760000267
20188870000143
20188870000224
20199980000100
20199980000291
20211090000177
20211090000258
20222200000104
20222200000287
20233310000163
20233310000244
20244420000120
20244420000201
20255530000198
20255530000279
20266640000155
20266640000236
20277750000112
20277750000201
20288860000180
20288860000260
20299970000147
20299970000228
20311080000103
20311080000294
20322190000170
20322190000251
20333300000108
20333300000280
20344410000167
20344410000248
20355520000124
20355520000205
20366630000191
20366630000272
20377740000159
20377740000230
20388850000116
20388850000205
20399960000183
20399960000264
20411070000140
20411070000220
20422180000107
20422180000298
20433290000174
20433290000255
20444400000101
20444400000284
20455510000160
20455510000241
20466620000128
20466620000209
20477730000195
20477730000276
20488840000152
20488840000233
20499950000110
20499950000209
20511060000186
20511060000267
20522170000143
20522170000224
20533280000100
20533280000291
20544390000178
20544390000259
20555500000105
20555500000288
20566610000164
20566610000245
20577720000121
20577720000202
20588830000199
20588830000270
20599940000156
20599940000237
20611050000112
20611050000201
20622160000180
20622160000260
20633270000147
20633270000228
20644380000104
20644380000295
20655490000171
20655490000252
20666600000109
20666600000281
20677710000168
20677710000249
20688820000125
20688820000206
20699930000192
20699930000273
20711040000159
20711040000230
20722150000116
20722150000205
20733260000183
20733260000264
20744370000140
20744370000221
20755480000108
20755480000299
20766590000175
20766590000256
20777700000102
20777700000285
20788810000161
20788810000242
20799920000129
20799920000200
20811030000195
20811030000276
20822140000152
20822140000233
20833250000110
20833250000209
20844360000187
20844360000268
20855470000144
20855470000225
20866580000101
20866580000292
20877690000179
20877690000250
20888800000106
20888800000289
20899910000165
20899910000246
20911020000121
20911020000202
20922130000199
20922130000270
20933240000156
20933240000237
20944350000113
20944350000202
21111100000165
21111100000246
21122210000122
21122210000203
21133320000190
21133320000270
21144430000157
21144430000238
21155540000114
21155540000203
21166650000181
21166650000262
21177760000149
21177760000220
21188870000106
21188870000297
21199980000173
21199980000254
21211090000130
21211090000210
21222200000169
21222200000240
21233310000126
21233310000207
21244420000193
21244420000274
21255530000150
21255530000231
21266640000118
21266640000207
21277750000185
21277750000266
21288860000142
21288860000223
21299970000100
21299970000290
21311080000176
21311080000257
21322190000133
21322190000214
21333300000162
21333300000243
21344410000120
21344410000200
21355520000197
21355520000278
21366630000154
21366630000235
21377740000111
21377740000200
21388850000189
21388850000260
21399960000146
21399960000227
21411070000102
21411070000293
21422180000170
21422180000250
21433290000137
21433290000218
21444400000166
21444400000247
21455510000123
21455510000204
21466620000190
21466620000271
21477730000158
21477730000239
21488840000115
21488840000204
21499950000182
21499950000263
21511060000149
21511060000220
21522170000106
21522170000297
21533280000173
21533280000254
21544390000130
21544390000211
21555500000160
21555500000240
21566610000127
21566610000208
21577720000194
21577720000275
21588830000151
21588830000232
21599940000119
21599940000208
21611050000185
21611050000266
21622160000142
21622160000223
21633270000100
21633270000290
21644380000177
21644380000258
21655490000134
21655490000215
21666600000163
21666600000244
21677710000120
21677710000201
21688820000198
21688820000279
21699930000155
21699930000236
21711040000111
21711040000200
21722150000189
21722150000260
21733260000146
21733260000227
21744370000103
21744370000294
21755480000170
21755480000251
21766590000138
21766590000219
21777700000167
21777700000248
21788810000124
21788810000205
21799920000191
21799920000272
21811030000158
21811030000239
21822140000115
21822140000204
21833250000182
21833250000263
21844360000140
21844360000220
21855470000107
21855470000298
21866580000174
21866580000255
21877690000131
21877690000212
21888800000160
21888800000241
21899910000128
21899910000209
21911020000194
21911020000275
21922130000151
21922130000232
21933240000119
21933240000208
21944350000186
21944350000267
22111100000128
22111100000209
22122210000195
22122210000276
22133320000152
22133320000233
22144430000110
22144430000209
22155540000187
22155540000268
22166650000144
22166650000225
22177760000101
22177760000292
22188870000179
22188870000250
22199980000136
22199980000217
22211090000100
22211090000283
22222200000121
22222200000202
22233310000199
22233310000270
22244420000156
22244420000237
22255530000113
22255530000202
22266640000180
22266640000261
22277750000148
22277750000229
22288860000105
22288860000296
22299970000172
22299970000253
22311080000139
22311080000210
22322190000104
22322190000287
22333300000125
22333300000206
22344410000192
22344410000273
22355520000150
22355520000230
22366630000117
22366630000206
22377740000184
22377740000265
22388850000141
22388850000222
22399960000109
22399960000290
22411070000175
22411070000256
22422180000132
22422180000213
22433290000108
22433290000280
22444400000129
22444400000200
22455510000196
22455510000277
22466620000153
22466620000234
22477730000110
22477730000200
22488840000188
22488840000269
22499950000145
22499950000226
22511060000101
22511060000292
22522170000179
22522170000250
22533280000136
22533280000217
22544390000101
22544390000284
22555500000122
22555500000203
22566610000190
22566610000270
22577720000157
22577720000238
22588830000114
22588830000203
22599940000181
22599940000262
22611050000148
22611050000229
22622160000105
22622160000296
22633270000172
22633270000253
22644380000130
22644380000210
22655490000105
22655490000288
22666600000126
22666600000207
22677710000193
22677710000274
22688820000150
22688820000231
22699930000118
22699930000207
22711040000184
22711040000265
22722150000141
22722150000222
22733260000109
22733260000290
22744370000176
22744370000257
22755480000133
22755480000214
22766590000109
22766590000281
22777700000120
22777700000200
22788810000197
22788810000278
22799920000154
22799920000235
22811030000110
22811030000200
22822140000188
22822140000269
22833250000145
22833250000226
22844360000102
22844360000293
22855470000170
22855470000250
22866580000137
22866580000218
22877690000102
22877690000285
22888800000123
22888800000204
22899910000190
22899910000271
22911020000157
22911020000238
22922130000114
22922130000203
22933240000181
22933240000262
22944350000149
22944350000220
23111100000190
23111100000271
23122210000158
23122210000239
23133320000115
23133320000204
23144430000182
23144430000263
23155540000140
23155540000220
23166650000107
23166650000298
23177760000174
23177760000255
23188870000131
23188870000212
23199980000107
23199980000280
23211090000165
23211090000246
23222200000194
23222200000275
23233310000151
23233310000232
23244420000119
23244420000208
23255530000186
23255530000267
23266640000143
23266640000224
23277750000100
23277750000291
23288860000178
23288860000259
23299970000135
23299970000216
23311080000100
23311080000282
23322190000169
23322190000240
23333300000198
23333300000279
23344410000155
23344410000236
23355520000112
23355520000201
23366630000180
23366630000260
23377740000147
23377740000228
23388850000104
23388850000295
23399960000171
23399960000252
23411070000138
23411070000219
23422180000103
23422180000286
23433290000162
23433290000243
23444400000191
23444400000272
23455510000159
23455510000230
23466620000116
23466620000205
23477730000183
23477730000264
23488840000140
23488840000221
23499950000108
23499950000299
23511060000174
23511060000255
23522170000131
23522170000212
23533280000107
23533280000280
23544390000166
23544390000247
23555500000195
23555500000276
23566610000152
23566610000233
23577720000110
23577720000209
23588830000187
23588830000268
23599940000144
23599940000225
23611050000100
23611050000291
23622160000178
23622160000259
23633270000135
23633270000216
23644380000100
23644380000283
23655490000160
23655490000240
23666600000199
23666600000270
23677710000156
23677710000237
23688820000113
23688820000202
23699930000180
23699930000261
23711040000147
23711040000228
23722150000104
23722150000295
23733260000171
23733260000252
23744370000139
23744370000210
23755480000104
23755480000287
23766590000163
23766590000244
23777700000192
23777700000273
23788810000150
23788810000230
23799920000117
23799920000206
23811030000183
23811030000264
23822140000140
23822140000221
23833250000108
23833250000299
23844360000175
23844360000256
23855470000132
23855470000213
23866580000108
23866580000280
23877690000167
23877690000248
23888800000196
23888800000277
23899910000153
23899910000234
23911020000110
23911020000209
23922130000187
23922130000268
23933240000144
23933240000225
23944350000101
23944350000292
24111100000153
24111100000234
24122210000110
24122210000200
24133320000188
24133320000269
24144430000145
24144430000226
24155540000102
24155540000293
24166650000170
24166650000250
24177760000137
24177760000218
24188870000102
24188870000285
24199980000161
24199980000242
24211090000128
24211090000209
24222200000157
24222200000238
24233310000114
24233310000203
24244420000181
24244420000262
24255530000149
24255530000220
24266640000106
24266640000297
24277750000173
24277750000254
24288860000130
24288860000211
24299970000106
24299970000289
24311080000164
24311080000245
24322190000121
24322190000202
24333300000150
24333300000231
24344410000118
24344410000207
24355520000185
24355520000266
24366630000142
24366630000223
24377740000100
24377740000290
24388850000177
24388850000258
24399960000134
24399960000215
24411070000109
24411070000281
24422180000168
24422180000249
24433290000125
24433290000206
24444400000154
24444400000235
24455510000111
24455510000200
24466620000189
24466620000260
24477730000146
24477730000227
24488840000103
24488840000294
24499950000170
24499950000251
24511060000137
24511060000218
24522170000102
24522170000285
24533280000161
24533280000242
24544390000129
24544390000200
24555500000158
24555500000239
24566610000115
24566610000204
24577720000182
24577720000263
24588830000140
24588830000220
24599940000107
24599940000298
24611050000173
24611050000254
24622160000130
24622160000211
24633270000106
24633270000289
24644380000165
24644380000246
24655490000122
24655490000203
24666600000151
24666600000232
24677710000119
24677710000208
24688820000186
24688820000267
24699930000143
24699930000224
24711040000100
24711040000290
24722150000177
24722150000258
24733260000134
24733260000215
24744370000100
24744370000282
24755480000169
24755480000240
24766590000126
24766590000207
24777700000155
24777700000236
24788810000112
24788810000201
24799920000180
24799920000260
24811030000146
24811030000227
24822140000103
24822140000294
24833250000170
24833250000251
24844360000138
24844360000219
24855470000103
24855470000286
24866580000162
24866580000243
24877690000120
24877690000200
24888800000159
24888800000230
24899910000116
24899910000205
24911020000182
24911020000263
24922130000140
24922130000220
24933240000107
24933240000298
24944350000174
24944350000255
26111100000189
26111100000260
26122210000146
26122210000227
26133320000103
26133320000294
26144430000170
26144430000251
26155540000138
26155540000219
26166650000103
26166650000286
26177760000162
26177760000243
26188870000120
26188870000200
26199980000197
26199980000278
26211090000153
26211090000234
26222200000182
26222200000263
26233310000140
26233310000220
26244420000107
26244420000298
26255530000174
26255530000255
26266640000131
26266640000212
26277750000107
26277750000280
26288860000166
26288860000247
26299970000123
26299970000204
26311080000190
26311080000270
26322190000157
26322190000238
26333300000186
26333300000267
26344410000143
26344410000224
26355520000100
26355520000291
26366630000178
26366630000259
26377740000135
26377740000216
26388850000100
26388850000283
26399960000160
26399960000240
26411070000126
26411070000207
26422180000193
26422180000274
26433290000150
26433290000231
26444400000180
26444400000260
26455510000147
26455510000228
26466620000104
26466620000295
26477730000171
26477730000252
26488840000139
26488840000210
26499950000104
26499950000287
26511060000162
26511060000243
26522170000120
26522170000200
26533280000197
26533280000278
26544390000154
26544390000235
26555500000183
26555500000264
26566610000140
26566610000221
26577720000108
26577720000299
26588830000175
26588830000256
26599940000132
26599940000213
26611050000107
26611050000280
26622160000166
26622160000247
26633270000123
26633270000204
26644380000190
26644380000271
26655490000158
26655490000239
26666600000187
26666600000268
26677710000144
26677710000225
26688820000101
26688820000292
26699930000179
26699930000250
26711040000135
26711040000216
26722150000100
26722150000283
26733260000160
26733260000240
26744370000127
26744370000208
26755480000194
26755480000275
26766590000151
26766590000232
26777700000180
26777700000261
26788810000148
26788810000229
26799920000105
26799920000296
26811030000171
26811030000252
26822140000139
26822140000210
26833250000104
26833250000287
26844360000163
26844360000244
26855470000120
26855470000201
26866580000198
26866580000279
26877690000155
26877690000236
26888800000184
26888800000265
26899910000141
26899910000222
26911020000108
26911020000299
26922130000175
26922130000256
26933240000132
26933240000213
26944350000108
26944350000280
27111100000141
27111100000222
27122210000109
27122210000290
27133320000176
27133320000257
27144430000133
27144430000214
27155540000109
27155540000281
27166650000168
27166650000249
27177760000125
27177760000206
27188870000192
27188870000273
27199980000150
27199980000230
27211090000116
27211090000205
27222200000145
27222200000226
27233310000102
27233310000293
27244420000170
27244420000250
27255530000137
27255530000218
27266640000102
27266640000285
27277750000161
27277750000242
27288860000129
27288860000200
27299970000196
27299970000277
27311080000152
27311080000233
27322190000110
27322190000209
27333300000149
27333300000220
27344410000106
27344410000297
27355520000173
27355520000254
27366630000130
27366630000211
27377740000106
27377740000289
27388850000165
27388850000246
27399960000122
27399960000203
27411070000199
27411070000270
27422180000156
27422180000237
27433290000113
27433290000202
27444400000142
27444400000223
27455510000100
27455510000290
27466620000177
27466620000258
27477730000134
27477730000215
27488840000100
27488840000282
27499950000169
27499950000240
27511060000125
27511060000206
27522170000192
27522170000273
27533280000150
27533280000230
27544390000117
27544390000206
27555500000146
27555500000227
27566610000103
27566610000294
27577720000170
27577720000251
27588830000138
27588830000219
27599940000103
27599940000286
27611050000161
27611050000242
27622160000129
27622160000200
27633270000196
27633270000277
27644380000153
27644380000234
27655490000110
27655490000200
27666600000140
27666600000220
27677710000107
27677710000298
27688820000174
27688820000255
27699930000131
27699930000212
27711040000106
27711040000289
27722150000165
27722150000246
27733260000122
27733260000203
27744370000190
27744370000270
27755480000157
27755480000238
27766590000114
27766590000203
27777700000143
27777700000224
27788810000100
27788810000291
27799920000178
27799920000259
27811030000134
27811030000215
27822140000100
27822140000282
27833250000169
27833250000240
27844360000126
27844360000207
27855470000193
27855470000274
27866580000150
27866580000231
27877690000118
27877690000207
27888800000147
27888800000228
27899910000104
27899910000295
27911020000170
27911020000251
27922130000138
27922130000219
27933240000103
27933240000286
27944350000162
27944350000243
28111100000104
28111100000295
28122210000171
28122210000252
28133320000139
28133320000210
28144430000104
28144430000287
28155540000163
28155540000244
28166650000120
28166650000201
28177760000198
28177760000279
28188870000155
28188870000236
28199980000112
28199980000201
28211090000189
28211090000260
28222200000108
28222200000299
28233310000175
28233310000256
28244420000132
28244420000213
28255530000108
28255530000280
28266640000167
28266640000248
28277750000124
28277750000205
28288860000191
28288860000272
28299970000159
28299970000230
28311080000115
28311080000204
28322190000182
28322190000263
28333300000101
28333300000292
28344410000179
28344410000250
28355520000136
28355520000217
28366630000101
28366630000284
28377740000160
28377740000241
28388850000128
28388850000209
28399960000195
28399960000276
28411070000151
28411070000232
28422180000119
28422180000208
28433290000186
28433290000267
28444400000105
28444400000296
28455510000172
28455510000253
28466620000130
28466620000210
28477730000105
28477730000288
28488840000164
28488840000245
28499950000121
28499950000202
28511060000198
28511060000279
28522170000155
28522170000236
28533280000112
28533280000201
28544390000180
28544390000260
28555500000109
28555500000290
28566610000176
28566610000257
28577720000133
28577720000214
28588830000109
28588830000281
28599940000168
28599940000249
28611050000124
28611050000205
28622160000191
28622160000272
28633270000159
28633270000230
28644380000116
28644380000205
28655490000183
28655490000264
28666600000102
28666600000293
28677710000170
28677710000250
28688820000137
28688820000218
28699930000102
28699930000285
28711040000160
28711040000241
28722150000128
28722150000209
28733260000195
28733260000276
28744370000152
28744370000233
28755480000110
28755480000209
28766590000187
28766590000268
28777700000106
28777700000297
28788810000173
28788810000254
28799920000130
28799920000211
28811030000105
28811030000288
28822140000164
28822140000245
28833250000121
28833250000202
28844360000199
28844360000270
28855470000156
28855470000237
28866580000113
28866580000202
28877690000180
28877690000261
28888800000100
28888800000290
28899910000177
28899910000258
28911020000133
28911020000214
28922130000109
28922130000281
28933240000168
28933240000249
28944350000125
28944350000206
29111100000177
29111100000258
29122210000134
29122210000215
29133320000100
29133320000282
29144430000169
29144430000240
29155540000126
29155540000207
29166650000193
29166650000274
29177760000150
29177760000231
29188870000118
29188870000207
29199980000185
29199980000266
29211090000141
29211090000222
29222200000170
29222200000251
29233310000138
29233310000219
29244420000103
29244420000286
29255530000162
29255530000243
29266640000120
29266640000200
29277750000197
29277750000278
29288860000154
29288860000235
29299970000111
29299970000200
29311080000188
29311080000269
29322190000145
29322190000226
29333300000174
29333300000255
29344410000131
29344410000212
29355520000107
29355520000280
29366630000166
29366630000247
29377740000123
29377740000204
29388850000190
29388850000271
29399960000158
29399960000239
29411070000114
29411070000203
29422180000181
29422180000262
29433290000149
29433290000220
29444400000178
29444400000259
29455510000135
29455510000216
29466620000100
29466620000283
29477730000160
29477730000240
29488840000127
29488840000208
29499950000194
29499950000275
29511060000150
29511060000231
29522170000118
29522170000207
29533280000185
29533280000266
29544390000142
29544390000223
29555500000171
29555500000252
29566610000139
29566610000210
29577720000104
29577720000287
29588830000163
29588830000244
29599940000120
29599940000201
29611050000197
29611050000278
29622160000154
29622160000235
29633270000111
29633270000200
29644380000189
29644380000260
29655490000146
29655490000227
29666600000175
29666600000256
29677710000132
29677710000213
29688820000108
29688820000280
29699930000167
29699930000248
29711040000123
29711040000204
29722150000190
29722150000271
29733260000158
29733260000239
29744370000115
29744370000204
29755480000182
29755480000263
29766590000140
29766590000220
29777700000179
29777700000250
29788810000136
29788810000217
29799920000101
29799920000284
29811030000160
29811030000240
29822140000127
29822140000208
29833250000194
29833250000275
29844360000151
29844360000232
29855470000119
29855470000208
29866580000186
29866580000267
29877690000143
29877690000224
29888800000172
29888800000253
29899910000130
29899910000210
29911020000104
29911020000287
29922130000163
29922130000244
29933240000120
29933240000201
29944350000198
29944350000279
30111100000156
30111100000237
30122210000113
30122210000202
30133320000180
30133320000261
30144430000148
30144430000229
30155540000105
30155540000296
30166650000172
30166650000253
30177760000130
30177760000210
30188870000105
30188870000288
30199980000164
30199980000245
30211090000120
30211090000201
30222200000150
30222200000230
30233310000117
30233310000206
30244420000184
30244420000265
30255530000141
30255530000222
30266640000109
30266640000290
30277750000176
30277750000257
30288860000133
30288860000214
30299970000109
30299970000281
30311080000167
30311080000248
30322190000124
30322190000205
30333300000153
30333300000234
30344410000110
30344410000200
30355520000188
30355520000269
30366630000145
30366630000226
30377740000102
30377740000293
30388850000170
30388850000250
30399960000137
30399960000218
30411070000101
30411070000284
30422180000160
30422180000241
30433290000128
30433290000209
30444400000157
30444400000238
30455510000114
30455510000203
30466620000181
30466620000262
30477730000149
30477730000220
30488840000106
30488840000297
30499950000173
30499950000254
30511060000130
30511060000210
30522170000105
30522170000288
30533280000164
30533280000245
30544390000121
30544390000202
30555500000150
30555500000231
30566610000118
30566610000207
30577720000185
30577720000266
30588830000142
30588830000223
30599940000100
30599940000290
30611050000176
30611050000257
30622160000133
30622160000214
30633270000109
30633270000281
30644380000168
30644380000249
30655490000125
30655490000206
30666600000154
30666600000235
30677710000111
30677710000200
30688820000189
30688820000260
30699930000146
30699930000227
30711040000102
30711040000293
30722150000170
30722150000250
30733260000137
30733260000218
30744370000102
30744370000285
30755480000161
30755480000242
30766590000129
30766590000200
30777700000158
30777700000239
30788810000115
30788810000204
30799920000182
30799920000263
30811030000149
30811030000220
30822140000106
30822140000297
30833250000173
30833250000254
30844360000130
30844360000211
30855470000106
30855470000289
30866580000165
30866580000246
30877690000122
30877690000203
30888800000151
30888800000232
30899910000119
30899910000208
30911020000185
30911020000266
30922130000142
30922130000223
30933240000100
30933240000290
30944350000177
30944350000258
31111100000119
31111100000208
31122210000186
31122210000267
31133320000143
31133320000224
31144430000100
31144430000291
31155540000178
31155540000259
31166650000135
31166650000216
31177760000100
31177760000283
31188870000160
31188870000240
31199980000127
31199980000208
31211090000193
31211090000274
31222200000112
31222200000201
31233310000180
31233310000260
31244420000147
31244420000228
31255530000104
31255530000295
31266640000171
31266640000252
31277750000139
31277750000210
31288860000104
31288860000287
31299970000163
31299970000244
31311080000120
31311080000200
31322190000197
31322190000278
31333300000116
31333300000205
31344410000183
31344410000264
31355520000140
31355520000221
31366630000108
31366630000299
31377740000175
31377740000256
31388850000132
31388850000213
31399960000108
31399960000280
31411070000166
31411070000247
31422180000123
31422180000204
31433290000190
31433290000271
31444400000110
31444400000209
31455510000187
31455510000268
31466620000144
31466620000225
31477730000101
31477730000292
31488840000179
31488840000250
31499950000136
31499950000217
31511060000100
31511060000283
31522170000160
31522170000240
31533280000127
31533280000208
31544390000194
31544390000275
31555500000113
31555500000202
31566610000180
31566610000261
31577720000148
31577720000229
31588830000105
31588830000296
31599940000172
31599940000253
31611050000139
31611050000210
31622160000104
31622160000287
31633270000163
31633270000244
31644380000120
31644380000201
31655490000198
31655490000279
31666600000117
31666600000206
31677710000184
31677710000265
31688820000141
31688820000222
31699930000109
31699930000290
31711040000175
31711040000256
31722150000132
31722150000213
31733260000108
31733260000280
31744370000167
31744370000248
31755480000124
31755480000205
31766590000191
31766590000272
31777700000110
31777700000200
31788810000188
31788810000269
31799920000145
31799920000226
31811030000101
31811030000292
31822140000179
31822140000250
31833250000136
31833250000217
31844360000101
31844360000284
31855470000160
31855470000241
31866580000128
31866580000209
31877690000195
31877690000276
31888800000114
31888800000203
31899910000181
31899910000262
31911020000148
31911020000229
31922130000105
31922130000296
31933240000172
31933240000253
31944350000130
31944350000210
32111100000181
32111100000262
32122210000149
32122210000220
32133320000106
32133320000297
32144430000173
32144430000254
32155540000130
32155540000211
32166650000106
32166650000289
32177760000165
32177760000246
32188870000122
32188870000203
32199980000190
32199980000270
32211090000156
32211090000237
32222200000185
32222200000266
32233310000142
32233310000223
32244420000100
32244420000290
32255530000177
32255530000258
32266640000134
32266640000215
32277750000100
32277750000282
32288860000169
32288860000240
32299970000126
32299970000207
32311080000192
32311080000273
32322190000150
32322190000230
32333300000189
32333300000260
32344410000146
32344410000227
32355520000103
32355520000294
32366630000170
32366630000251
32377740000138
32377740000219
32388850000103
32388850000286
32399960000162
32399960000243
32411070000129
32411070000200
32422180000196
32422180000277
32433290000153
32433290000234
32444400000182
32444400000263
32455510000140
32455510000220
32466620000107
32466620000298
32477730000174
32477730000255
32488840000131
32488840000212
32499950000107
32499950000280
32511060000165
32511060000246
32522170000122
32522170000203
32533280000190
32533280000270
32544390000157
32544390000238
32555500000186
32555500000267
32566610000143
32566610000224
32577720000100
32577720000291
32588830000178
32588830000259
32599940000135
32599940000216
32611050000100
32611050000282
32622160000169
32622160000240
32633270000126
32633270000207
32644380000193
32644380000274
32655490000150
32655490000231
32666600000180
32666600000260
32677710000147
32677710000228
32688820000104
32688820000295
32699930000171
32699930000252
32711040000138
32711040000219
32722150000103
32722150000286
32733260000162
32733260000243
32744370000120
32744370000200
32755480000197
32755480000278
32766590000154
32766590000235
32777700000183
32777700000264
32788810000140
32788810000221
32799920000108
32799920000299
32811030000174
32811030000255
32822140000131
32822140000212
32833250000107
32833250000280
32844360000166
32844360000247
32855470000123
32855470000204
32866580000190
32866580000271
32877690000158
32877690000239
32888800000187
32888800000268
32899910000144
32899910000225
32911020000100
32911020000291
32922130000178
32922130000259
32933240000135
32933240000216
32944350000100
32944350000283
33111100000144
33111100000225
33122210000101
33122210000292
33133320000179
33133320000250
33144430000136
33144430000217
33155540000101
33155540000284
33166650000160
33166650000241
33177760000128
33177760000209
33188870000195
33188870000276
33199980000152
33199980000233
33211090000119
33211090000208
33222200000148
33222200000229
33233310000105
33233310000296
33244420000172
33244420000253
33255530000130
33255530000210
33266640000105
33266640000288
33277750000164
33277750000245
33288860000121
33288860000202
33299970000199
33299970000270
33311080000155
33311080000236
33322190000112
33322190000201
33333300000141
33333300000222
33344410000109
33344410000290
33355520000176
33355520000257
33366630000133
33366630000214
33377740000109
33377740000281
33388850000168
33388850000249
33399960000125
33399960000206
33411070000191
33411070000272
33422180000159
33422180000230
33433290000116
33433290000205
33444400000145
33444400000226
33455510000102
33455510000293
33466620000170
33466620000250
33477730000137
33477730000218
33488840000102
33488840000285
33499950000161
33499950000242
33511060000128
33511060000209
33522170000195
33522170000276
33533280000152
33533280000233
33544390000110
33544390000209
33555500000149
33555500000220
33566610000106
33566610000297
33577720000173
33577720000254
33588830000130
33588830000211
33599940000106
33599940000289
33611050000164
33611050000245
33622160000121
33622160000202
33633270000199
33633270000270
33644380000156
33644380000237
33655490000113
33655490000202
33666600000142
33666600000223
33677710000100
33677710000290
33688820000177
33688820000258
33699930000134
33699930000215
33711040000109
33711040000281
33722150000168
33722150000249
33733260000125
33733260000206
33744370000192
33744370000273
33755480000150
33755480000230
33766590000117
33766590000206
33777700000146
33777700000227
33788810000103
33788810000294
33799920000170
33799920000251
33811030000137
33811030000218
33822140000102
33822140000285
33833250000161
33833250000242
33844360000129
33844360000200
33855470000196
33855470000277
33866580000153
33866580000234
33877690000110
33877690000200
33888800000140
33888800000220
33899910000107
33899910000298
33911020000173
33911020000254
33922130000130
33922130000211
33933240000106
33933240000289
33944350000165
33944350000246
34111100000107
34111100000298
34122210000174
34122210000255
34133320000131
34133320000212
34144430000107
34144430000280
34155540000166
34155540000247
34166650000123
34166650000204
34177760000190
34177760000271
34188870000158
34188870000239
34199980000115
34199980000204
34211090000181
34211090000262
34222200000100
34222200000291
34233310000178
34233310000259
34244420000135
34244420000216
34255530000100
34255530000283
34266640000160
34266640000240
34277750000127
34277750000208
34288860000194
34288860000275
34299970000151
34299970000232
34311080000118
34311080000207
34322190000185
34322190000266
34333300000104
34333300000295
34344410000171
34344410000252
34355520000139
34355520000210
34366630000104
34366630000287
34377740000163
34377740000244
34388850000120
34388850000201
34399960000198
34399960000279
34411070000154
34411070000235
34422180000111
34422180000200
34433290000189
34433290000260
34444400000108
34444400000299
34455510000175
34455510000256
34466620000132
34466620000213
34477730000108
34477730000280
34488840000167
34488840000248
34499950000124
34499950000205
34511060000190
34511060000271
34522170000158
34522170000239
34533280000115
34533280000204
34544390000182
34544390000263
34555500000101
34555500000292
34566610000179
34566610000250
34577720000136
34577720000217
34588830000101
34588830000284
34599940000160
34599940000241
34611050000127
34611050000208
34622160000194
34622160000275
34633270000151
34633270000232
34644380000119
34644380000208
34655490000186
34655490000267
34666600000105
34666600000296
34677710000172
34677710000253
34688820000130
34688820000210
34699930000105
34699930000288
34711040000163
34711040000244
34722150000120
34722150000201
34733260000198
34733260000279
34744370000155
34744370000236
34755480000112
34755480000201
34766590000180
34766590000260
34777700000109
34777700000290
34788810000176
34788810000257
34799920000133
34799920000214
34811030000108
34811030000280
34822140000167
34822140000248
34833250000124
34833250000205
34844360000191
34844360000272
34855470000159
34855470000230
34866580000116
34866580000205
34877690000183
34877690000264
34888800000102
34888800000293
34899910000170
34899910000250
34911020000136
34911020000217
34922130000101
34922130000284
34933240000160
34933240000241
34944350000128
34944350000209
35111100000170
35111100000250
35122210000137
35122210000218
35133320000102
35133320000285
35144430000161
35144430000242
35155540000129
35155540000200
35166650000196
35166650000277
35177760000153
35177760000234
35188870000110
35188870000200
35199980000188
35199980000269
35211090000144
35211090000225
35222200000173
35222200000254
35233310000130
35233310000211
35244420000106
35244420000289
35255530000165
35255530000246
35266640000122
35266640000203
35277750000190
35277750000270
35288860000157
35288860000238
35299970000114
35299970000203
35311080000180
35311080000261
35322190000148
35322190000229
35333300000177
35333300000258
35344410000134
35344410000215
35355520000100
35355520000282
35366630000169
35366630000240
35377740000126
35377740000207
35388850000193
35388850000274
35399960000150
35399960000231
35411070000117
35411070000206
35422180000184
35422180000265
35433290000141
35433290000222
35444400000170
35444400000251
35455510000138
35455510000219
35466620000103
35466620000286
35477730000162
35477730000243
35488840000120
35488840000200
35499950000197
35499950000278
35511060000153
35511060000234
35522170000110
35522170000200
35533280000188
35533280000269
35544390000145
35544390000226
35555500000174
35555500000255
35566610000131
35566610000212
35577720000107
35577720000280
35588830000166
35588830000247
35599940000123
35599940000204
35611050000190
35611050000270
35622160000157
35622160000238
35633270000114
35633270000203
35644380000181
35644380000262
35655490000149
35655490000220
35666600000178
35666600000259
35677710000135
35677710000216
35688820000100
35688820000283
35699930000160
35699930000240
35711040000126
35711040000207
35722150000193
35722150000274
35733260000150
35733260000231
35744370000118
35744370000207
35755480000185
35755480000266
35766590000142
35766590000223
35777700000171
35777700000252
35788810000139
35788810000210
35799920000104
35799920000287
35811030000162
35811030000243
35822140000120
35822140000200
35833250000197
35833250000278
35844360000154
35844360000235
35855470000111
35855470000200
35866580000189
35866580000260
35877690000146
35877690000227
35888800000175
35888800000256
35899910000132
35899910000213
35911020000107
35911020000280
35922130000166
35922130000247
35933240000123
35933240000204
35944350000190
35944350000271
36111100000132
36111100000213
36122210000108
36122210000280
36133320000167
36133320000248
36144430000124
36144430000205
36155540000191
36155540000272
36166650000159
36166650000230
36177760000116
36177760000205
36188870000183
36188870000264
36199980000140
36199980000221
36211090000107
36211090000298
36222200000136
36222200000217
36233310000101
36233310000284
36244420000160
36244420000241
36255530000128
36255530000209
36266640000195
36266640000276
36277750000152
36277750000233
36288860000110
36288860000209
36299970000187
36299970000268
36311080000143
36311080000224
36322190000100
36322190000291
36333300000130
36333300000210
36344410000105
36344410000288
36355520000164
36355520000245
36366630000121
36366630000202
36377740000199
36377740000270
36388850000156
36388850000237
36399960000113
36399960000202
36411070000180
36411070000260
36422180000147
36422180000228
36433290000104
36433290000295
36444400000133
36444400000214
36455510000109
36455510000281
36466620000168
36466620000249
36477730000125
36477730000206
36488840000192
36488840000273
36499950000150
36499950000230
36511060000116
36511060000205
36522170000183
36522170000264
36533280000140
36533280000221
36544390000108
36544390000299
36555500000137
36555500000218
36566610000102
36566610000285
36577720000161
36577720000242
36588830000129
36588830000200
36599940000196
36599940000277
36611050000152
36611050000233
36622160000110
36622160000209
36633270000187
36633270000268
36644380000144
36644380000225
36655490000101
36655490000292
36666600000130
36666600000211
36677710000106
36677710000289
36688820000165
36688820000246
36699930000122
36699930000203
36711040000199
36711040000270
36722150000156
36722150000237
36733260000113
36733260000202
36744370000180
36744370000261
36755480000148
36755480000229
36766590000105
36766590000296
36777700000134
36777700000215
36788810000100
36788810000282
36799920000169
36799920000240
36811030000125
36811030000206
36822140000192
36822140000273
36833250000150
36833250000230
36844360000117
36844360000206
36855470000184
36855470000265
36866580000141
36866580000222
36877690000109
36877690000290
36888800000138
36888800000219
36899910000103
36899910000286
36911020000161
36911020000242
36922130000129
36922130000200
36933240000196
36933240000277
36944350000153
36944350000234
37111100000103
37111100000286
37122210000162
37122210000243
37133320000120
37133320000200
37144430000197
37144430000278
37155540000154
37155540000235
37166650000111
37166650000200
37177760000189
37177760000260
37188870000146
37188870000227
37199980000103
37199980000294
37211090000170
37211090000250
37222200000107
37222200000280
37233310000166
37233310000247
37244420000123
37244420000204
37255530000190
37255530000271
37266640000158
37266640000239
37277750000115
37277750000204
37288860000182
37288860000263
37299970000140
37299970000220
37311080000106
37311080000297
37322190000173
37322190000254
37333300000100
37333300000283
37344410000160
37344410000240
37355520000127
37355520000208
37366630000194
37366630000275
37377740000151
37377740000232
37388850000119
37388850000208
37399960000186
37399960000267
37411070000142
37411070000223
37422180000100
37422180000290
37433290000177
37433290000258
37444400000104
37444400000287
37455510000163
37455510000244
37466620000120
37466620000201
37477730000198
37477730000279
37488840000155
37488840000236
37499950000112
37499950000201
37511060000189
37511060000260
37522170000146
37522170000227
37533280000103
37533280000294
37544390000170
37544390000251
37555500000108
37555500000280
37566610000167
37566610000248
37577720000124
37577720000205
37588830000191
37588830000272
37599940000159
37599940000230
37611050000115
37611050000204
37622160000182
37622160000263
37633270000140
37633270000220
37644380000107
37644380000298
37655490000174
37655490000255
37666600000101
37666600000284
37677710000160
37677710000241
37688820000128
37688820000209
37699930000195
37699930000276
37711040000151
37711040000232
37722150000119
37722150000208
37733260000186
37733260000267
37744370000143
37744370000224
37755480000100
37755480000291
37766590000178
37766590000259
37777700000105
37777700000288
37788810000164
37788810000245
37799920000121
37799920000202
37811030000198
37811030000279
37822140000155
37822140000236
37833250000112
37833250000201
37844360000180
37844360000260
37855470000147
37855470000228
37866580000104
37866580000295
37877690000171
37877690000252
37888800000109
37888800000281
37899910000168
37899910000249
37911020000124
37911020000205
37922130000191
37922130000272
37933240000159
37933240000230
37944350000116
37944350000205
38111100000168
38111100000249
38122210000125
38122210000206
38133320000192
38133320000273
38144430000150
38144430000230
38155540000117
38155540000206
38166650000184
38166650000265
38177760000141
38177760000222
38188870000109
38188870000290
38199980000176
38199980000257
38211090000132
38211090000213
38222200000161
38222200000242
38233310000129
38233310000200
38244420000196
38244420000277
38255530000153
38255530000234
38266640000110
38266640000200
38277750000188
38277750000269
38288860000145
38288860000226
38299970000102
38299970000293
38311080000179
38311080000250
38322190000136
38322190000217
38333300000165
38333300000246
38344410000122
38344410000203
38355520000190
38355520000270
38366630000157
38366630000238
38377740000114
38377740000203
38388850000181
38388850000262
38399960000149
38399960000220
38411070000105
38411070000296
38422180000172
38422180000253
38433290000130
38433290000210
38444400000169
38444400000240
38455510000126
38455510000207
38466620000193
38466620000274
38477730000150
38477730000231
38488840000118
38488840000207
38499950000185
38499950000266
38511060000141
38511060000222
38522170000109
38522170000290
38533280000176
38533280000257
38544390000133
38544390000214
38555500000162
38555500000243
38566610000120
38566610000200
38577720000197
38577720000278
38588830000154
38588830000235
38599940000111
38599940000200
38611050000188
38611050000269
38622160000145
38622160000226
38633270000102
38633270000293
38644380000170
38644380000250
38655490000137
38655490000218
38666600000166
38666600000247
38677710000123
38677710000204
38688820000190
38688820000271
38699930000158
38699930000239
38711040000114
38711040000203
38722150000181
38722150000262
38733260000149
38733260000220
38744370000106
38744370000297
38755480000173
38755480000254
38766590000130
38766590000211
38777700000160
38777700000240
38788810000127
38788810000208
38799920000194
38799920000275
38811030000150
38811030000231
38822140000118
38822140000207
38833250000185
38833250000266
38844360000142
38844360000223
38855470000100
38855470000290
38866580000177
38866580000258
38877690000134
38877690000215
38888800000163
38888800000244
38899910000120
38899910000201
38911020000197
38911020000278
38922130000154
38922130000235
38933240000111
38933240000200
38944350000189
38944350000260
39111100000120
39111100000201
39122210000198
39122210000279
39133320000155
39133320000236
39144430000112
39144430000201
39155540000180
39155540000260
39166650000147
39166650000228
39177760000104
39177760000295
39188870000171
39188870000252
39199980000139
39199980000210
39211090000103
39211090000286
39222200000124
39222200000205
39233310000191
39233310000272
39244420000159
39244420000230
39255530000116
39255530000205
39266640000183
39266640000264
39277750000140
39277750000221
39288860000108
39288860000299
39299970000175
39299970000256
39311080000131
39311080000212
39322190000107
39322190000280
39333300000128
39333300000209
39344410000195
39344410000276
39355520000152
39355520000233
39366630000110
39366630000209
39377740000187
39377740000268
39388850000144
39388850000225
39399960000101
39399960000292
39411070000178
39411070000259
39422180000135
39422180000216
39433290000100
39433290000283
39444400000121
39444400000202
39455510000199
39455510000270
39466620000156
39466620000237
39477730000113
39477730000202
39488840000180
39488840000261
39499950000148
39499950000229
39511060000104
39511060000295
39522170000171
39522170000252
39533280000139
39533280000210
39544390000104
39544390000287
39555500000125
39555500000206
39566610000192
39566610000273
39577720000150
39577720000230
39588830000117
39588830000206
39599940000184
39599940000265
39611050000140
39611050000221
39622160000108
39622160000299
39633270000175
39633270000256
39644380000132
39644380000213
39655490000108
39655490000280
39666600000129
39666600000200
39677710000196
39677710000277
39688820000153
39688820000234
39699930000110
39699930000200
39711040000187
39711040000268
39722150000144
39722150000225
39733260000101
39733260000292
39744370000179
39744370000250
39755480000136
39755480000217
39766590000101
39766590000284
39777700000122
39777700000203
39788810000190
39788810000270
39799920000157
39799920000238
39811030000113
39811030000202
39822140000180
39822140000261
39833250000148
39833250000229
39844360000105
39844360000296
39855470000172
39855470000253
39866580000130
39866580000210
39877690000105
39877690000288
39888800000126
39888800000207
39899910000193
39899910000274
39911020000150
39911020000230
39922130000117
39922130000206
39933240000184
39933240000265
39944350000141
39944350000222
40111100000100
40111100000290
40122210000177
40122210000258
40133320000134
40133320000215
40144430000100
40144430000282
40155540000169
40155540000240
40166650000126
40166650000207
40177760000193
40177760000274
40188870000150
40188870000231
40199980000118
40199980000207
40211090000184
40211090000265
40222200000103
40222200000294
40233310000170
40233310000251
40244420000138
40244420000219
40255530000103
40255530000286
40266640000162
40266640000243
40277750000120
40277750000200
40288860000197
40288860000278
40299970000154
40299970000235
40311080000110
40311080000200
40322190000188
40322190000269
40333300000107
40333300000298
40344410000174
40344410000255
40355520000131
40355520000212
40366630000107
40366630000280
40377740000166
40377740000247
40388850000123
40388850000204
40399960000190
40399960000271
40411070000157
40411070000238
40422180000114
40422180000203
40433290000181
40433290000262
40444400000100
40444400000291
40455510000178
40455510000259
40466620000135
40466620000216
40477730000100
40477730000283
40488840000160
40488840000240
40499950000127
40499950000208
40511060000193
40511060000274
40522170000150
40522170000231
40533280000118
40533280000207
40544390000185
40544390000266
40555500000104
40555500000295
40566610000171
40566610000252
40577720000139
40577720000210
40588830000104
40588830000287
40599940000163
40599940000244
40611050000120
40611050000200
40622160000197
40622160000278
40633270000154
40633270000235
40644380000111
40644380000200
40655490000189
40655490000260
40666600000108
40666600000299
40677710000175
40677710000256
40688820000132
40688820000213
40699930000108
40699930000280
40711040000166
40711040000247
40722150000123
40722150000204
40733260000190
40733260000271
40744370000158
40744370000239
40755480000115
40755480000204
40766590000182
40766590000263
40777700000101
40777700000292
40788810000179
40788810000250
40799920000136
40799920000217
40811030000100
40811030000283
40822140000160
40822140000240
40833250000127
40833250000208
40844360000194
40844360000275
40855470000151
40855470000232
40866580000119
40866580000208
40877690000186
40877690000267
40888800000105
40888800000296
40899910000172
40899910000253
40911020000139
40911020000210
40922130000104
40922130000287
40933240000163
40933240000244
40944350000120
40944350000201
60111100000117
60111100000206
60122210000184
60122210000265
60133320000141
60133320000222
60144430000109
60144430000290
60155540000176
60155540000257
60166650000133
60166650000214
60177760000109
60177760000281
60188870000168
60188870000249
60199980000125
60199980000206
60211090000191
60211090000272
60222200000110
60222200000200
60233310000188
60233310000269
60244420000145
60244420000226
60255530000102
60255530000293
60266640000170
60266640000250
60277750000137
60277750000218
60288860000102
60288860000285
60299970000161
60299970000242
60311080000128
60311080000209
60322190000195
60322190000276
60333300000114
60333300000203
60344410000181
60344410000262
60355520000149
60355520000220
60366630000106
60366630000297
60377740000173
60377740000254
60388850000130
60388850000211
60399960000106
60399960000289
60411070000164
60411070000245
60422180000121
60422180000202
60433290000199
60433290000270
60444400000118
60444400000207
60455510000185
60455510000266
60466620000142
60466620000223
60477730000100
60477730000290
60488840000177
60488840000258
60499950000134
60499950000215
60511060000109
60511060000281
60522170000168
60522170000249
60533280000125
60533280000206
60544390000192
60544390000273
60555500000111
60555500000200
60566610000189
60566610000260
60577720000146
60577720000227
60588830000103
60588830000294
60599940000170
60599940000251
60611050000137
60611050000218
60622160000102
60622160000285
60633270000161
60633270000242
60644380000129
60644380000200
60655490000196
60655490000277
60666600000115
60666600000204
60677710000182
60677710000263
60688820000140
60688820000220
60699930000107
60699930000298
60711040000173
60711040000254
60722150000130
60722150000211
60733260000106
60733260000289
60744370000165
60744370000246
60755480000122
60755480000203
60766590000190
60766590000270
60777700000119
60777700000208
60788810000186
60788810000267
60799920000143
60799920000224
60811030000100
60811030000290
60822140000177
60822140000258
60833250000134
60833250000215
60844360000100
60844360000282
60855470000169
60855470000240
60866580000126
60866580000207
60877690000193
60877690000274
60888800000112
60888800000201
60899910000180
60899910000260
60911020000146
60911020000227
60922130000103
60922130000294
60933240000170
60933240000251
60944350000138
60944350000219
61111100000180
61111100000260
61122210000147
61122210000228
61133320000104
61133320000295
61144430000171
61144430000252
61155540000139
61155540000210
61166650000104
61166650000287
61177760000163
61177760000244
61188870000120
61188870000201
61199980000198
61199980000279
61211090000154
61211090000235
61222200000183
61222200000264
61233310000140
61233310000221
61244420000108
61244420000299
61255530000175
61255530000256
61266640000132
61266640000213
61277750000108
61277750000280
61288860000167
61288860000248
61299970000124
61299970000205
61311080000190
61311080000271
61322190000158
61322190000239
61333300000187
61333300000268
61344410000144
61344410000225
61355520000101
61355520000292
61366630000179
61366630000250
61377740000136
61377740000217
61388850000101
61388850000284
61399960000160
61399960000241
61411070000127
61411070000208
61422180000194
61422180000275
61433290000151
61433290000232
61444400000180
61444400000261
61455510000148
61455510000229
61466620000105
61466620000296
61477730000172
61477730000253
61488840000130
61488840000210
61499950000105
61499950000288
61511060000163
61511060000244
61522170000120
61522170000201
61533280000198
61533280000279
61544390000155
61544390000236
61555500000184
61555500000265
61566610000141
61566610000222
61577720000109
61577720000290
61588830000176
61588830000257
61599940000133
61599940000214
61611050000108
61611050000280
61622160000167
61622160000248
61633270000124
61633270000205
61644380000191
61644380000272
61655490000159
61655490000230
61666600000188
61666600000269
61677710000145
61677710000226
61688820000102
61688820000293
61699930000170
61699930000250
61711040000136
61711040000217
61722150000101
61722150000284
61733260000160
61733260000241
61744370000128
61744370000209
61755480000195
61755480000276
61766590000152
61766590000233
61777700000181
61777700000262
61788810000149
61788810000220
61799920000106
61799920000297
61811030000172
61811030000253
61822140000130
61822140000210
61833250000105
61833250000288
61844360000164
61844360000245
61855470000121
61855470000202
61866580000199
61866580000270
61877690000156
61877690000237
61888800000185
61888800000266
61899910000142
61899910000223
61911020000109
61911020000290
61922130000176
61922130000257
61933240000133
61933240000214
61944350000109
61944350000281
62111100000142
62111100000223
62122210000100
62122210000290
62133320000177
62133320000258
62144430000134
62144430000215
62155540000100
62155540000282
62166650000169
62166650000240
62177760000126
62177760000207
62188870000193
62188870000274
62199980000150
62199980000231
62211090000117
62211090000206
62222200000146
62222200000227
62233310000103
62233310000294
62244420000170
62244420000251
62255530000138
62255530000219
62266640000103
62266640000286
62277750000162
62277750000243
62288860000120
62288860000200
62299970000197
62299970000278
62311080000153
62311080000234
62322190000110
62322190000200
62333300000140
62333300000220
62344410000107
62344410000298
62355520000174
62355520000255
62366630000131
62366630000212
62377740000107
62377740000280
62388850000166
62388850000247
62399960000123
62399960000204
62411070000190
62411070000270
62422180000157
62422180000238
62433290000114
62433290000203
62444400000143
62444400000224
62455510000100
62455510000291
62466620000178
62466620000259
62477730000135
62477730000216
62488840000100
62488840000283
62499950000160
62499950000240
62511060000126
62511060000207
62522170000193
62522170000274
62533280000150
62533280000231
62544390000118
62544390000207
62555500000147
62555500000228
62566610000104
62566610000295
62577720000171
62577720000252
62588830000139
62588830000210
62599940000104
62599940000287
62611050000162
62611050000243
62622160000120
62622160000200
62633270000197
62633270000278
62644380000154
62644380000235
62655490000111
62655490000200
62666600000140
62666600000221
62677710000108
62677710000299
62688820000175
62688820000256
62699930000132
62699930000213
62711040000107
62711040000280
62722150000166
62722150000247
62733260000123
62733260000204
62744370000190
62744370000271
62755480000158
62755480000239
62766590000115
62766590000204
62777700000144
62777700000225
62788810000101
62788810000292
62799920000179
62799920000250
62811030000135
62811030000216
62822140000100
62822140000283
62833250000160
62833250000240
62844360000127
62844360000208
62855470000194
62855470000275
62866580000151
62866580000232
62877690000119
62877690000208
62888800000148
62888800000229
62899910000105
62899910000296
62911020000171
62911020000252
62922130000139
62922130000210
62933240000104
62933240000287
62944350000163
62944350000244
53100000000120
53100000000200
53100000000391
53100000000472
53100000000553
53100100000156
53100100000237
53100100000318
53100100000407
53100100000580
53100200000182
53100200000263
53100200000344
53100200000425
53100200000506
53100300000109
53100300000290
53100300000370
53100300000451
53100300000532
53100400000135
53100400000216
53100400000305
53100400000488
53100400000569
53100500000161
53100500000242
53100500000323
53100500000404
53100500000595
53100600000198
53100600000279
53100600000350
53100600000430
53100600000511
53100700000114
53100700000203
53100700000386
53100700000467
53100700000548
53100800000140
53100800000221
53100800000302
53100800000493
53100800000574
53100900000177
53100900000258
53100900000339
53100900000410
53100900000509
53101000000144
53101000000225
53101000000306
53101000000497
53101000000578
53101100000170
53101100000251
53101100000332
53101100000413
53101100000502
53101200000105
53101200000288
53101200000369
53101200000440
53101200000520
53101300000123
53101300000204
53101300000395
53101300000476
53101300000557
53101400000150
53101400000230
53101400000311
53101400000400
53101400000583
53101500000186
53101500000267
53101500000348
53101500000429
53101500000500
53101600000102
53101600000293
53101600000374
53101600000455
53101600000536
53101700000139
53101700000210
53101700000309
53101700000481
53101700000562
53101800000165
53101800000246
53101800000327
53101800000408
53101800000599
53101900000191
53101900000272
53101900000353
53101900000434
53101900000515
53102000000169
53102000000240
53102000000320
53102000000401
53102000000592
53102100000195
53102100000276
53102100000357
53102100000438
53102100000519
53102200000111
53102200000200
53102200000383
53102200000464
53102200000545
53102300000148
53102300000229
53102300000300
53102300000490
53102300000571
53102400000174
53102400000255
53102400000336
53102400000417
53102400000506
53102500000109
53102500000281
53102500000362
53102500000443
53102500000524
53102600000127
53102600000208
53102600000399
53102600000470
53102600000550
53102700000153
53102700000234
53102700000315
53102700000404
53102700000587
53102800000180
53102800000260
53102800000341
53102800000422
53102800000503
53102900000106
53102900000297
53102900000378
53102900000459
53102900000530
53103000000183
53103000000264
53103000000345
53103000000426
53103000000507
53103100000100
53103100000290
53103100000371
53103100000452
53103100000533
53103200000136
53103200000217
53103200000306
53103200000489
53103200000560
53103300000162
53103300000243
53103300000324
53103300000405
53103300000596
53103400000199
53103400000270
53103400000350
53103400000431
53103400000512
53103500000115
53103500000204
53103500000387
53103500000468
53103500000549
53103600000141
53103600000222
53103600000303
53103600000494
53103600000575
53103700000178
53103700000259
53103700000330
53103700000410
53103700000500
53103800000102
53103800000285
53103800000366
53103800000447
53103800000528
53103900000120
53103900000201
53103900000392
53103900000473
53103900000554
53104000000106
53104000000289
53104000000360
53104000000440
53104000000521
53104100000124
53104100000205
53104100000396
53104100000477
53104100000558
53104200000150
53104200000231
53104200000312
53104200000401
53104200000584
53104300000187
53104300000268
53104300000349
53104300000420
53104300000500
53104400000103
53104400000294
53104400000375
53104400000456
53104400000537
53104500000130
53104500000210
53104500000300
53104500000482
53104500000563
53104600000166
53104600000247
53104600000328
53104600000409
53104600000590
53104700000192
53104700000273
53104700000354
53104700000435
53104700000516
53104800000119
53104800000208
53104800000380
53104800000461
53104800000542
53104900000145
53104900000226
53104900000307
53104900000498
53104900000579
53105000000112
53105000000201
53105000000384
53105000000465
53105000000546
53105100000149
53105100000220
53105100000300
53105100000491
53105100000572
53105200000175
53105200000256
53105200000337
53105200000418
53105200000507
53105300000100
53105300000282
53105300000363
53105300000444
53105300000525
53105400000128
53105400000209
53105400000390
53105400000470
53105400000551
53105500000154
53105500000235
53105500000316
53105500000405
53105500000588
53105600000180
53105600000261
53105600000342
53105600000423
53105600000504
53105700000107
53105700000298
53105700000379
53105700000450
53105700000530
53105800000133
53105800000214
53105800000303
53105800000486
53105800000567
53105900000160
53105900000240
53105900000321
53105900000402
53105900000593
53106000000137
53106000000218
53106000000307
53106000000480
53106000000560
53106100000163
53106100000244
53106100000325
53106100000406
53106100000597
53106200000190
53106200000270
53106200000351
53106200000432
53106200000513
53106300000116
53106300000205
53106300000388
53106300000469
53106300000540
53106400000142
53106400000223
53106400000304
53106400000495
53106400000576
53106500000179
53106500000250
53106500000330
53106500000411
53106500000500
53106600000103
53106600000286
53106600000367
53106600000448
53106600000529
53106700000121
53106700000202
53106700000393
53106700000474
53106700000555
53106800000158
53106800000239
53106800000310
53106800000409
53106800000581
53106900000184
53106900000265
53106900000346
53106900000427
53106900000508
53107000000151
53107000000232
53107000000313
53107000000402
53107000000585
53107100000188
53107100000269
53107100000340
53107100000420
53107100000501
53107200000104
53107200000295
53107200000376
53107200000457
53107200000538
53107300000130
53107300000211
53107300000300
53107300000483
53107300000564
53107400000167
53107400000248
53107400000329
53107400000400
53107400000590
53107500000193
53107500000274
53107500000355
53107500000436
53107500000517
53107600000110
53107600000209
53107600000381
53107600000462
53107600000543
53107700000146
53107700000227
53107700000308
53107700000499
53107700000570
53107800000172
53107800000253
53107800000334
53107800000415
53107800000504
53107900000107
53107900000280
53107900000360
53107900000441
53107900000522
53108000000176
53108000000257
53108000000338
53108000000419
53108000000508
53108100000100
53108100000283
53108100000364
53108100000445
53108100000526
53108200000129
53108200000200
53108200000390
53108200000471
53108200000552
53108300000155
53108300000236
53108300000317
53108300000406
53108300000589
53108400000181
53108400000262
53108400000343
53108400000424
53108400000505
53108500000108
53108500000299
53108500000370
53108500000450
53108500000531
53108600000134
53108600000215
53108600000304
53108600000487
53108600000568
53108700000160
53108700000241
53108700000322
53108700000403
53108700000594
53108800000197
53108800000278
53108800000359
53108800000430
53108800000510
53108900000113
53108900000202
53108900000385
53108900000466
53108900000547
53109000000190
53109000000271
53109000000352
53109000000433
53109000000514
53109100000117
53109100000206
53109100000389
53109100000460
53109100000540
53109200000143
53109200000224
53109200000305
53109200000496
53109200000577
53109300000170
53109300000250
53109300000331
53109300000412
53109300000501
53109400000104
53109400000287
53109400000368
53109400000449
53109400000520
53109500000122
53109500000203
53109500000394
53109500000475
53109500000556
53109600000159
53109600000230
53109600000310
53109600000400
53109600000582
53109700000185
53109700000266
53109700000347
53109700000428
53109700000509
53109800000101
53109800000292
53109800000373
53109800000454
53109800000535
53109900000138
53109900000219
53109900000308
53109900000480
53109900000561
54100000000192
54100000000273
54100000000354
54100000000435
54100000000516
54100100000119
54100100000208
54100100000380
54100100000461
54100100000542
54100200000145
54100200000226
54100200000307
54100200000498
54100200000579
54100300000171
54100300000252
54100300000333
54100300000414
54100300000503
54100400000106
54100400000289
54100400000360
54100400000440
54100400000521
54100500000124
54100500000205
54100500000396
54100500000477
54100500000558
54100600000150
54100600000231
54100600000312
54100600000401
54100600000584
54100700000187
54100700000268
54100700000349
54100700000420
54100700000500
54100800000103
54100800000294
54100800000375
54100800000456
54100800000537
54100900000130
54100900000210
54100900000300
54100900000482
54100900000563
54101000000107
54101000000298
54101000000379
54101000000450
54101000000530
54101100000133
54101100000214
54101100000303
54101100000486
54101100000567
54101200000160
54101200000240
54101200000321
54101200000402
54101200000593
54101300000196
54101300000277
54101300000358
54101300000439
54101300000510
54101400000112
54101400000201
54101400000384
54101400000465
54101400000546
54101500000149
54101500000220
54101500000300
54101500000491
54101500000572
54101600000175
54101600000256
54101600000337
54101600000418
54101600000507
54101700000100
54101700000282
54101700000363
54101700000444
54101700000525
54101800000128
54101800000209
54101800000390
54101800000470
54101800000551
54101900000154
54101900000235
54101900000316
54101900000405
54101900000588
54102000000121
54102000000202
54102000000393
54102000000474
54102000000555
54102100000158
54102100000239
54102100000310
54102100000409
54102100000581
54102200000184
54102200000265
54102200000346
54102200000427
54102200000508
54102300000100
54102300000291
54102300000372
54102300000453
54102300000534
54102400000137
54102400000218
54102400000307
54102400000480
54102400000560
54102500000163
54102500000244
54102500000325
54102500000406
54102500000597
54102600000190
54102600000270
54102600000351
54102600000432
54102600000513
54102700000116
54102700000205
54102700000388
54102700000469
54102700000540
54102800000142
54102800000223
54102800000304
54102800000495
54102800000576
54102900000179
54102900000250
54102900000330
54102900000411
54102900000500
54103000000146
54103000000227
54103000000308
54103000000499
54103000000570
54103100000172
54103100000253
54103100000334
54103100000415
54103100000504
54103200000107
54103200000280
54103200000360
54103200000441
54103200000522
54103300000125
54103300000206
54103300000397
54103300000478
54103300000559
54103400000151
54103400000232
54103400000313
54103400000402
54103400000585
54103500000188
54103500000269
54103500000340
54103500000420
54103500000501
54103600000104
54103600000295
54103600000376
54103600000457
54103600000538
54103700000130
54103700000211
54103700000300
54103700000483
54103700000564
54103800000167
54103800000248
54103800000329
54103800000400
54103800000590
54103900000193
54103900000274
54103900000355
54103900000436
54103900000517
54104000000160
54104000000241
54104000000322
54104000000403
54104000000594
54104100000197
54104100000278
54104100000359
54104100000430
54104100000510
54104200000113
54104200000202
54104200000385
54104200000466
54104200000547
54104300000140
54104300000220
54104300000301
54104300000492
54104300000573
54104400000176
54104400000257
54104400000338
54104400000419
54104400000508
54104500000100
54104500000283
54104500000364
54104500000445
54104500000526
54104600000129
54104600000200
54104600000390
54104600000471
54104600000552
54104700000155
54104700000236
54104700000317
54104700000406
54104700000589
54104800000181
54104800000262
54104800000343
54104800000424
54104800000505
54104900000108
54104900000299
54104900000370
54104900000450
54104900000531
54105000000185
54105000000266
54105000000347
54105000000428
54105000000509
54105100000101
54105100000292
54105100000373
54105100000454
54105100000535
54105200000138
54105200000219
54105200000308
54105200000480
54105200000561
54105300000164
54105300000245
54105300000326
54105300000407
54105300000598
54105400000190
54105400000271
54105400000352
54105400000433
54105400000514
54105500000117
54105500000206
54105500000389
54105500000460
54105500000540
54105600000143
54105600000224
54105600000305
54105600000496
54105600000577
54105700000170
54105700000250
54105700000331
54105700000412
54105700000501
54105800000104
54105800000287
54105800000368
54105800000449
54105800000520
54105900000122
54105900000203
54105900000394
54105900000475
54105900000556
54106000000108
54106000000280
54106000000361
54106000000442
54106000000523
54106100000126
54106100000207
54106100000398
54106100000479
54106100000550
54106200000152
54106200000233
54106200000314
54106200000403
54106200000586
54106300000189
54106300000260
54106300000340
54106300000421
54106300000502
54106400000105
54106400000296
54106400000377
54106400000458
54106400000539
54106500000131
54106500000212
54106500000301
54106500000484
54106500000565
54106600000168
54106600000249
54106600000320
54106600000400
54106600000591
54106700000194
54106700000275
54106700000356
54106700000437
54106700000518
54106800000110
54106800000200
54106800000382
54106800000463
54106800000544
54106900000147
54106900000228
54106900000309
54106900000490
54106900000570
54107000000114
54107000000203
54107000000386
54107000000467
54107000000548
54107100000140
54107100000221
54107100000302
54107100000493
54107100000574
54107200000177
54107200000258
54107200000339
54107200000410
54107200000509
54107300000101
54107300000284
54107300000365
54107300000446
54107300000527
54107400000120
54107400000200
54107400000391
54107400000472
54107400000553
54107500000156
54107500000237
54107500000318
54107500000407
54107500000580
54107600000182
54107600000263
54107600000344
54107600000425
54107600000506
54107700000109
54107700000290
54107700000370
54107700000451
54107700000532
54107800000135
54107800000216
54107800000305
54107800000488
54107800000569
54107900000161
54107900000242
54107900000323
54107900000404
54107900000595
54108000000139
54108000000210
54108000000309
54108000000481
54108000000562
54108100000165
54108100000246
54108100000327
54108100000408
54108100000599
54108200000191
54108200000272
54108200000353
54108200000434
54108200000515
54108300000118
54108300000207
54108300000380
54108300000460
54108300000541
54108400000144
54108400000225
54108400000306
54108400000497
54108400000578
54108500000170
54108500000251
54108500000332
54108500000413
54108500000502
54108600000105
54108600000288
54108600000369
54108600000440
54108600000520
54108700000123
54108700000204
54108700000395
54108700000476
54108700000557
54108800000150
54108800000230
54108800000311
54108800000400
54108800000583
54108900000186
54108900000267
54108900000348
54108900000429
54108900000500
54109000000153
54109000000234
54109000000315
54109000000404
54109000000587
54109100000180
54109100000260
54109100000341
54109100000422
54109100000503
54109200000106
54109200000297
54109200000378
54109200000459
54109200000530
54109300000132
54109300000213
54109300000302
54109300000485
54109300000566
54109400000169
54109400000240
54109400000320
54109400000401
54109400000592
54109500000195
54109500000276
54109500000357
54109500000438
54109500000519
54109600000111
54109600000200
54109600000383
54109600000464
54109600000545
54109700000148
54109700000229
54109700000300
54109700000490
54109700000571
54109800000174
54109800000255
54109800000336
54109800000417
54109800000506
54109900000109
54109900000281
54109900000362
54109900000443
54109900000524
55100000000155
55100000000236
55100000000317
55100000000406
55100000000589
55100100000181
55100100000262
55100100000343
55100100000424
55100100000505
55100200000108
55100200000299
55100200000370
55100200000450
55100200000531
55100300000134
55100300000215
55100300000304
55100300000487
55100300000568
55100400000160
55100400000241
55100400000322
55100400000403
55100400000594
55100500000197
55100500000278
55100500000359
55100500000430
55100500000510
55100600000113
55100600000202
55100600000385
55100600000466
55100600000547
55100700000140
55100700000220
55100700000301
55100700000492
55100700000573
55100800000176
55100800000257
55100800000338
55100800000419
55100800000508
55100900000100
55100900000283
55100900000364
55100900000445
55100900000526
55101000000170
55101000000250
55101000000331
55101000000412
55101000000501
55101100000104
55101100000287
55101100000368
55101100000449
55101100000520
55101200000122
55101200000203
55101200000394
55101200000475
55101200000556
55101300000159
55101300000230
55101300000310
55101300000400
55101300000582
55101400000185
55101400000266
55101400000347
55101400000428
55101400000509
55101500000101
55101500000292
55101500000373
55101500000454
55101500000535
55101600000138
55101600000219
55101600000308
55101600000480
55101600000561
55101700000164
55101700000245
55101700000326
55101700000407
55101700000598
55101800000190
55101800000271
55101800000352
55101800000433
55101800000514
55101900000117
55101900000206
55101900000389
55101900000460
55101900000540
55102000000194
55102000000275
55102000000356
55102000000437
55102000000518
55102100000110
55102100000200
55102100000382
55102100000463
55102100000544
55102200000147
55102200000228
55102200000309
55102200000490
55102200000570
55102300000173
55102300000254
55102300000335
55102300000416
55102300000505
55102400000108
55102400000280
55102400000361
55102400000442
55102400000523
55102500000126
55102500000207
55102500000398
55102500000479
55102500000550
55102600000152
55102600000233
55102600000314
55102600000403
55102600000586
55102700000189
55102700000260
55102700000340
55102700000421
55102700000502
55102800000105
55102800000296
55102800000377
55102800000458
55102800000539
55102900000131
55102900000212
55102900000301
55102900000484
55102900000565
55103000000109
55103000000290
55103000000370
55103000000451
55103000000532
55103100000135
55103100000216
55103100000305
55103100000488
55103100000569
55103200000161
55103200000242
55103200000323
55103200000404
55103200000595
55103300000198
55103300000279
55103300000350
55103300000430
55103300000511
55103400000114
55103400000203
55103400000386
55103400000467
55103400000548
55103500000140
55103500000221
55103500000302
55103500000493
55103500000574
55103600000177
55103600000258
55103600000339
55103600000410
55103600000509
55103700000101
55103700000284
55103700000365
55103700000446
55103700000527
55103800000120
55103800000200
55103800000391
55103800000472
55103800000553
55103900000156
55103900000237
55103900000318
55103900000407
55103900000580
55104000000123
55104000000204
55104000000395
55104000000476
55104000000557
55104100000150
55104100000230
55104100000311
55104100000400
55104100000583
55104200000186
55104200000267
55104200000348
55104200000429
55104200000500
55104300000102
55104300000293
55104300000374
55104300000455
55104300000536
55104400000139
55104400000210
55104400000309
55104400000481
55104400000562
55104500000165
55104500000246
55104500000327
55104500000408
55104500000599
55104600000191
55104600000272
55104600000353
55104600000434
55104600000515
55104700000118
55104700000207
55104700000380
55104700000460
55104700000541
55104800000144
55104800000225
55104800000306
55104800000497
55104800000578
55104900000170
55104900000251
55104900000332
55104900000413
55104900000502
55105000000148
55105000000229
55105000000300
55105000000490
55105000000571
55105100000174
55105100000255
55105100000336
55105100000417
55105100000506
55105200000109
55105200000281
55105200000362
55105200000443
55105200000524
55105300000127
55105300000208
55105300000399
55105300000470
55105300000550
55105400000153
55105400000234
55105400000315
55105400000404
55105400000587
55105500000180
55105500000260
55105500000341
55105500000422
55105500000503
55105600000106
55105600000297
55105600000378
55105600000459
55105600000530
55105700000132
55105700000213
55105700000302
55105700000485
55105700000566
55105800000169
55105800000240
55105800000320
55105800000401
55105800000592
55105900000195
55105900000276
55105900000357
55105900000438
55105900000519
55106000000162
55106000000243
55106000000324
55106000000405
55106000000596
55106100000199
55106100000270
55106100000350
55106100000431
55106100000512
55106200000115
55106200000204
55106200000387
55106200000468
55106200000549
55106300000141
55106300000222
55106300000303
55106300000494
55106300000575
55106400000178
55106400000259
55106400000330
55106400000410
55106400000500
55106500000102
55106500000285
55106500000366
55106500000447
55106500000528
55106600000120
55106600000201
55106600000392
55106600000473
55106600000554
55106700000157
55106700000238
55106700000319
55106700000408
55106700000580
55106800000183
55106800000264
55106800000345
55106800000426
55106800000507
55106900000100
55106900000290
55106900000371
55106900000452
55106900000533
55107000000187
55107000000268
55107000000349
55107000000420
55107000000500
55107100000103
55107100000294
55107100000375
55107100000456
55107100000537
55107200000130
55107200000210
55107200000300
55107200000482
55107200000563
55107300000166
55107300000247
55107300000328
55107300000409
55107300000590
55107400000192
55107400000273
55107400000354
55107400000435
55107400000516
55107500000119
55107500000208
55107500000380
55107500000461
55107500000542
55107600000145
55107600000226
55107600000307
55107600000498
55107600000579
55107700000171
55107700000252
55107700000333
55107700000414
55107700000503
55107800000106
55107800000289
55107800000360
55107800000440
55107800000521
55107900000124
55107900000205
55107900000396
55107900000477
55107900000558
55108000000100
55108000000282
55108000000363
55108000000444
55108000000525
55108100000128
55108100000209
55108100000390
55108100000470
55108100000551
55108200000154
55108200000235
55108200000316
55108200000405
55108200000588
55108300000180
55108300000261
55108300000342
55108300000423
55108300000504
55108400000107
55108400000298
55108400000379
55108400000450
55108400000530
55108500000133
55108500000214
55108500000303
55108500000486
55108500000567
55108600000160
55108600000240
55108600000321
55108600000402
55108600000593
55108700000196
55108700000277
55108700000358
55108700000439
55108700000510
55108800000112
55108800000201
55108800000384
55108800000465
55108800000546
55108900000149
55108900000220
55108900000300
55108900000491
55108900000572
55109000000116
55109000000205
55109000000388
55109000000469
55109000000540
55109100000142
55109100000223
55109100000304
55109100000495
55109100000576
55109200000179
55109200000250
55109200000330
55109200000411
55109200000500
55109300000103
55109300000286
55109300000367
55109300000448
55109300000529
55109400000121
55109400000202
55109400000393
55109400000474
55109400000555
55109500000158
55109500000239
55109500000310
55109500000409
55109500000581
55109600000184
55109600000265
55109600000346
55109600000427
55109600000508
55109700000100
55109700000291
55109700000372
55109700000453
55109700000534
55109800000137
55109800000218
55109800000307
55109800000480
55109800000560
55109900000163
55109900000244
55109900000325
55109900000406
55109900000597
56100000000118
56100000000207
56100000000380
56100000000460
56100000000541
56100100000144
56100100000225
56100100000306
56100100000497
56100100000578
56100200000170
56100200000251
56100200000332
56100200000413
56100200000502
56100300000105
56100300000288
56100300000369
56100300000440
56100300000520
56100400000123
56100400000204
56100400000395
56100400000476
56100400000557
56100500000150
56100500000230
56100500000311
56100500000400
56100500000583
56100600000186
56100600000267
56100600000348
56100600000429
56100600000500
56100700000102
56100700000293
56100700000374
56100700000455
56100700000536
56100800000139
56100800000210
56100800000309
56100800000481
56100800000562
56100900000165
56100900000246
56100900000327
56100900000408
56100900000599
56101000000132
56101000000213
56101000000302
56101000000485
56101000000566
56101100000169
56101100000240
56101100000320
56101100000401
56101100000592
56101200000195
56101200000276
56101200000357
56101200000438
56101200000519
56101300000111
56101300000200
56101300000383
56101300000464
56101300000545
56101400000148
56101400000229
56101400000300
56101400000490
56101400000571
56101500000174
56101500000255
56101500000336
56101500000417
56101500000506
56101600000109
56101600000281
56101600000362
56101600000443
56101600000524
56101700000127
56101700000208
56101700000399
56101700000470
56101700000550
56101800000153
56101800000234
56101800000315
56101800000404
56101800000587
56101900000180
56101900000260
56101900000341
56101900000422
56101900000503
56102000000157
56102000000238
56102000000319
56102000000408
56102000000580
56102100000183
56102100000264
56102100000345
56102100000426
56102100000507
56102200000100
56102200000290
56102200000371
56102200000452
56102200000533
56102300000136
56102300000217
56102300000306
56102300000489
56102300000560
56102400000162
56102400000243
56102400000324
56102400000405
56102400000596
56102500000199
56102500000270
56102500000350
56102500000431
56102500000512
56102600000115
56102600000204
56102600000387
56102600000468
56102600000549
56102700000141
56102700000222
56102700000303
56102700000494
56102700000575
56102800000178
56102800000259
56102800000330
56102800000410
56102800000500
56102900000102
56102900000285
56102900000366
56102900000447
56102900000528
56103000000171
56103000000252
56103000000333
56103000000414
56103000000503
56103100000106
56103100000289
56103100000360
56103100000440
56103100000521
56103200000124
56103200000205
56103200000396
56103200000477
56103200000558
56103300000150
56103300000231
56103300000312
56103300000401
56103300000584
56103400000187
56103400000268
56103400000349
56103400000420
56103400000500
56103500000103
56103500000294
56103500000375
56103500000456
56103500000537
56103600000130
56103600000210
56103600000300
56103600000482
56103600000563
56103700000166
56103700000247
56103700000328
56103700000409
56103700000590
56103800000192
56103800000273
56103800000354
56103800000435
56103800000516
56103900000119
56103900000208
56103900000380
56103900000461
56103900000542
56104000000196
56104000000277
56104000000358
56104000000439
56104000000510
56104100000112
56104100000201
56104100000384
56104100000465
56104100000546
56104200000149
56104200000220
56104200000300
56104200000491
56104200000572
56104300000175
56104300000256
56104300000337
56104300000418
56104300000507
56104400000100
56104400000282
56104400000363
56104400000444
56104400000525
56104500000128
56104500000209
56104500000390
56104500000470
56104500000551
56104600000154
56104600000235
56104600000316
56104600000405
56104600000588
56104700000180
56104700000261
56104700000342
56104700000423
56104700000504
56104800000107
56104800000298
56104800000379
56104800000450
56104800000530
56104900000133
56104900000214
56104900000303
56104900000486
56104900000567
56105000000100
56105000000291
56105000000372
56105000000453
56105000000534
56105100000137
56105100000218
56105100000307
56105100000480
56105100000560
56105200000163
56105200000244
56105200000325
56105200000406
56105200000597
56105300000190
56105300000270
56105300000351
56105300000432
56105300000513
56105400000116
56105400000205
56105400000388
56105400000469
56105400000540
56105500000142
56105500000223
56105500000304
56105500000495
56105500000576
56105600000179
56105600000250
56105600000330
56105600000411
56105600000500
56105700000103
56105700000286
56105700000367
56105700000448
56105700000529
56105800000121
56105800000202
56105800000393
56105800000474
56105800000555
56105900000158
56105900000239
56105900000310
56105900000409
56105900000581
56106000000125
56106000000206
56106000000397
56106000000478
56106000000559
56106100000151
56106100000232
56106100000313
56106100000402
56106100000585
56106200000188
56106200000269
56106200000340
56106200000420
56106200000501
56106300000104
56106300000295
56106300000376
56106300000457
56106300000538
56106400000130
56106400000211
56106400000300
56106400000483
56106400000564
56106500000167
56106500000248
56106500000329
56106500000400
56106500000590
56106600000193
56106600000274
56106600000355
56106600000436
56106600000517
56106700000110
56106700000209
56106700000381
56106700000462
56106700000543
56106800000146
56106800000227
56106800000308
56106800000499
56106800000570
56106900000172
56106900000253
56106900000334
56106900000415
56106900000504
56107000000140
56107000000220
56107000000301
56107000000492
56107000000573
56107100000176
56107100000257
56107100000338
56107100000419
56107100000508
56107200000100
56107200000283
56107200000364
56107200000445
56107200000526
56107300000129
56107300000200
56107300000390
56107300000471
56107300000552
56107400000155
56107400000236
56107400000317
56107400000406
56107400000589
56107500000181
56107500000262
56107500000343
56107500000424
56107500000505
56107600000108
56107600000299
56107600000370
56107600000450
56107600000531
56107700000134
56107700000215
56107700000304
56107700000487
56107700000568
56107800000160
56107800000241
56107800000322
56107800000403
56107800000594
56107900000197
56107900000278
56107900000359
56107900000430
56107900000510
56108000000164
56108000000245
56108000000326
56108000000407
56108000000598
56108100000190
56108100000271
56108100000352
56108100000433
56108100000514
56108200000117
56108200000206
56108200000389
56108200000460
56108200000540
56108300000143
56108300000224
56108300000305
56108300000496
56108300000577
56108400000170
56108400000250
56108400000331
56108400000412
56108400000501
56108500000104
56108500000287
56108500000368
56108500000449
56108500000520
56108600000122
56108600000203
56108600000394
56108600000475
56108600000556
56108700000159
56108700000230
56108700000310
56108700000400
56108700000582
56108800000185
56108800000266
56108800000347
56108800000428
56108800000509
56108900000101
56108900000292
56108900000373
56108900000454
56108900000535
56109000000189
56109000000260
56109000000340
56109000000421
56109000000502
56109100000105
56109100000296
56109100000377
56109100000458
56109100000539
56109200000131
56109200000212
56109200000301
56109200000484
56109200000565
56109300000168
56109300000249
56109300000320
56109300000400
56109300000591
56109400000194
56109400000275
56109400000356
56109400000437
56109400000518
56109500000110
56109500000200
56109500000382
56109500000463
56109500000544
56109600000147
56109600000228
56109600000309
56109600000490
56109600000570
56109700000173
56109700000254
56109700000335
56109700000416
56109700000505
56109800000108
56109800000280
56109800000361
56109800000442
56109800000523
56109900000126
56109900000207
56109900000398
56109900000479
56109900000550
57100000000180
57100000000261
57100000000342
57100000000423
57100000000504
57100100000107
57100100000298
57100100000379
57100100000450
57100100000530
57100200000133
57100200000214
57100200000303
57100200000486
57100200000567
57100300000160
57100300000240
57100300000321
57100300000402
57100300000593
57100400000196
57100400000277
57100400000358
57100400000439
57100400000510
57100500000112
57100500000201
57100500000384
57100500000465
57100500000546
57100600000149
57100600000220
57100600000300
57100600000491
57100600000572
57100700000175
57100700000256
57100700000337
57100700000418
57100700000507
57100800000100
57100800000282
57100800000363
57100800000444
57100800000525
57100900000128
57100900000209
57100900000390
57100900000470
57100900000551
57101000000103
57101000000286
57101000000367
57101000000448
57101000000529
57101100000121
57101100000202
57101100000393
57101100000474
57101100000555
57101200000158
57101200000239
57101200000310
57101200000409
57101200000581
57101300000184
57101300000265
57101300000346
57101300000427
57101300000508
57101400000100
57101400000291
57101400000372
57101400000453
57101400000534
57101500000137
57101500000218
57101500000307
57101500000480
57101500000560
57101600000163
57101600000244
57101600000325
57101600000406
57101600000597
57101700000190
57101700000270
57101700000351
57101700000432
57101700000513
57101800000116
57101800000205
57101800000388
57101800000469
57101800000540
57101900000142
57101900000223
57101900000304
57101900000495
57101900000576
45100000000100
45100000000282
45100000000363
45100000000444
45100000000525
45100100000128
45100100000209
45100100000390
45100100000470
45100100000551
45100200000154
45100200000235
45100200000316
45100200000405
45100200000588
45100300000180
45100300000261
45100300000342
45100300000423
45100300000504
45100400000107
45100400000298
45100400000379
45100400000450
45100400000530
45100500000133
45100500000214
45100500000303
45100500000486
45100500000567
45100600000160
45100600000240
45100600000321
45100600000402
45100600000593
45100700000196
45100700000277
45100700000358
45100700000439
45100700000510
45100800000112
45100800000201
45100800000384
45100800000465
45100800000546
45100900000149
45100900000220
45100900000300
45100900000491
45100900000572
45101000000116
45101000000205
45101000000388
45101000000469
45101000000540
45101100000142
45101100000223
45101100000304
45101100000495
45101100000576
45101200000179
45101200000250
45101200000330
45101200000411
45101200000500
45101300000103
45101300000286
45101300000367
45101300000448
45101300000529
45101400000121
45101400000202
45101400000393
45101400000474
45101400000555
45101500000158
45101500000239
45101500000310
45101500000409
45101500000581
45101600000184
45101600000265
45101600000346
45101600000427
45101600000508
45101700000100
45101700000291
45101700000372
45101700000453
45101700000534
45101800000137
45101800000218
45101800000307
45101800000480
45101800000560
45101900000163
45101900000244
45101900000325
45101900000406
45101900000597
45102000000130
45102000000211
45102000000300
45102000000483
45102000000564
45102100000167
45102100000248
45102100000329
45102100000400
45102100000590
45102200000193
45102200000274
45102200000355
45102200000436
45102200000517
45102300000110
45102300000209
45102300000381
45102300000462
45102300000543
45102400000146
45102400000227
45102400000308
45102400000499
45102400000570
45102500000172
45102500000253
45102500000334
45102500000415
45102500000504
45102600000107
45102600000280
45102600000360
45102600000441
45102600000522
45102700000125
45102700000206
45102700000397
45102700000478
45102700000559
45102800000151
45102800000232
45102800000313
45102800000402
45102800000585
45102900000188
45102900000269
45102900000340
45102900000420
45102900000501
45103000000155
45103000000236
45103000000317
45103000000406
45103000000589
45103100000181
45103100000262
45103100000343
45103100000424
45103100000505
45103200000108
45103200000299
45103200000370
45103200000450
45103200000531
45103300000134
45103300000215
45103300000304
45103300000487
45103300000568
45103400000160
45103400000241
45103400000322
45103400000403
45103400000594
45103500000197
45103500000278
45103500000359
45103500000430
45103500000510
45103600000113
45103600000202
45103600000385
45103600000466
45103600000547
45103700000140
45103700000220
45103700000301
45103700000492
45103700000573
45103800000176
45103800000257
45103800000338
45103800000419
45103800000508
45103900000100
45103900000283
45103900000364
45103900000445
45103900000526
45104000000170
45104000000250
45104000000331
45104000000412
45104000000501
45104100000104
45104100000287
45104100000368
45104100000449
45104100000520
45104200000122
45104200000203
45104200000394
45104200000475
45104200000556
45104300000159
45104300000230
45104300000310
45104300000400
45104300000582
45104400000185
45104400000266
45104400000347
45104400000428
45104400000509
45104500000101
45104500000292
45104500000373
45104500000454
45104500000535
45104600000138
45104600000219
45104600000308
45104600000480
45104600000561
45104700000164
45104700000245
45104700000326
45104700000407
45104700000598
45104800000190
45104800000271
45104800000352
45104800000433
45104800000514
45104900000117
45104900000206
45104900000389
45104900000460
45104900000540
46100000000164
46100000000245
46100000000326
46100000000407
46100000000598
46100100000190
46100100000271
46100100000352
46100100000433
46100100000514
46100200000117
46100200000206
46100200000389
46100200000460
46100200000540
46100300000143
46100300000224
46100300000305
46100300000496
46100300000577
46100400000170
46100400000250
46100400000331
46100400000412
46100400000501
46100500000104
46100500000287
46100500000368
46100500000449
46100500000520
46100600000122
46100600000203
46100600000394
46100600000475
46100600000556
46100700000159
46100700000230
46100700000310
46100700000400
46100700000582
46100800000185
46100800000266
46100800000347
46100800000428
46100800000509
46100900000101
46100900000292
46100900000373
46100900000454
46100900000535
46101000000189
46101000000260
46101000000340
46101000000421
46101000000502
46101100000105
46101100000296
46101100000377
46101100000458
46101100000539
46101200000131
46101200000212
46101200000301
46101200000484
46101200000565
46101300000168
46101300000249
46101300000320
46101300000400
46101300000591
46101400000194
46101400000275
46101400000356
46101400000437
46101400000518
46101500000110
46101500000200
46101500000382
46101500000463
46101500000544
46101600000147
46101600000228
46101600000309
46101600000490
46101600000570
46101700000173
46101700000254
46101700000335
46101700000416
46101700000505
46101800000108
46101800000280
46101800000361
46101800000442
46101800000523
46101900000126
46101900000207
46101900000398
46101900000479
46101900000550
46102000000101
46102000000284
46102000000365
46102000000446
46102000000527
46102100000120
46102100000200
46102100000391
46102100000472
46102100000553
46102200000156
46102200000237
46102200000318
46102200000407
46102200000580
46102300000182
46102300000263
46102300000344
46102300000425
46102300000506
46102400000109
46102400000290
46102400000370
46102400000451
46102400000532
46102500000135
46102500000216
46102500000305
46102500000488
46102500000569
46102600000161
46102600000242
46102600000323
46102600000404
46102600000595
46102700000198
46102700000279
46102700000350
46102700000430
46102700000511
46102800000114
46102800000203
46102800000386
46102800000467
46102800000548
46102900000140
46102900000221
46102900000302
46102900000493
46102900000574
46103000000118
46103000000207
46103000000380
46103000000460
46103000000541
46103100000144
46103100000225
46103100000306
46103100000497
46103100000578
46103200000170
46103200000251
46103200000332
46103200000413
46103200000502
46103300000105
46103300000288
46103300000369
46103300000440
46103300000520
46103400000123
46103400000204
46103400000395
46103400000476
46103400000557
46103500000150
46103500000230
46103500000311
46103500000400
46103500000583
46103600000186
46103600000267
46103600000348
46103600000429
46103600000500
46103700000102
46103700000293
46103700000374
46103700000455
46103700000536
46103800000139
46103800000210
46103800000309
46103800000481
46103800000562
46103900000165
46103900000246
46103900000327
46103900000408
46103900000599
46104000000132
46104000000213
46104000000302
46104000000485
46104000000566
46104100000169
46104100000240
46104100000320
46104100000401
46104100000592
46104200000195
46104200000276
46104200000357
46104200000438
46104200000519
46104300000111
46104300000200
46104300000383
46104300000464
46104300000545
46104400000148
46104400000229
46104400000300
46104400000490
46104400000571
46104500000174
46104500000255
46104500000336
46104500000417
46104500000506
46104600000109
46104600000281
46104600000362
46104600000443
46104600000524
46104700000127
46104700000208
46104700000399
46104700000470
46104700000550
46104800000153
46104800000234
46104800000315
46104800000404
46104800000587
46104900000180
46104900000260
46104900000341
46104900000422
46104900000503
47100000000127
47100000000208
47100000000399
47100000000470
47100000000550
47100100000153
47100100000234
47100100000315
47100100000404
47100100000587
47100200000180
47100200000260
47100200000341
47100200000422
47100200000503
47100300000106
47100300000297
47100300000378
47100300000459
47100300000530
47100400000132
47100400000213
47100400000302
47100400000485
47100400000566
47100500000169
47100500000240
47100500000320
47100500000401
47100500000592
47100600000195
47100600000276
47100600000357
47100600000438
47100600000519
47100700000111
47100700000200
47100700000383
47100700000464
47100700000545
47100800000148
47100800000229
47100800000300
47100800000490
47100800000571
47100900000174
47100900000255
47100900000336
47100900000417
47100900000506
47101000000141
47101000000222
47101000000303
47101000000494
47101000000575
47101100000178
47101100000259
47101100000330
47101100000410
47101100000500
47101200000102
47101200000285
47101200000366
47101200000447
47101200000528
47101300000120
47101300000201
47101300000392
47101300000473
47101300000554
47101400000157
47101400000238
47101400000319
47101400000408
47101400000580
47101500000183
47101500000264
47101500000345
47101500000426
47101500000507
47101600000100
47101600000290
47101600000371
47101600000452
47101600000533
47101700000136
47101700000217
47101700000306
47101700000489
47101700000560
47101800000162
47101800000243
47101800000324
47101800000405
47101800000596
47101900000199
47101900000270
47101900000350
47101900000431
47101900000512
47102000000166
47102000000247
47102000000328
47102000000409
47102000000590
47102100000192
47102100000273
47102100000354
47102100000435
47102100000516
47102200000119
47102200000208
47102200000380
47102200000461
47102200000542
47102300000145
47102300000226
47102300000307
47102300000498
47102300000579
47102400000171
47102400000252
47102400000333
47102400000414
47102400000503
47102500000106
47102500000289
47102500000360
47102500000440
47102500000521
47102600000124
47102600000205
47102600000396
47102600000477
47102600000558
47102700000150
47102700000231
47102700000312
47102700000401
47102700000584
47102800000187
47102800000268
47102800000349
47102800000420
47102800000500
47102900000103
47102900000294
47102900000375
47102900000456
47102900000537
47103000000180
47103000000261
47103000000342
47103000000423
47103000000504
47103100000107
47103100000298
47103100000379
47103100000450
47103100000530
47103200000133
47103200000214
47103200000303
47103200000486
47103200000567
47103300000160
47103300000240
47103300000321
47103300000402
47103300000593
47103400000196
47103400000277
47103400000358
47103400000439
47103400000510
47103500000112
47103500000201
47103500000384
47103500000465
47103500000546
47103600000149
47103600000220
47103600000300
47103600000491
47103600000572
47103700000175
47103700000256
47103700000337
47103700000418
47103700000507
47103800000100
47103800000282
47103800000363
47103800000444
47103800000525
47103900000128
47103900000209
47103900000390
47103900000470
47103900000551
47104000000103
47104000000286
47104000000367
47104000000448
47104000000529
47104100000121
47104100000202
47104100000393
47104100000474
47104100000555
47104200000158
47104200000239
47104200000310
47104200000409
47104200000581
47104300000184
47104300000265
47104300000346
47104300000427
47104300000508
47104400000100
47104400000291
47104400000372
47104400000453
47104400000534
47104500000137
47104500000218
47104500000307
47104500000480
47104500000560
47104600000163
47104600000244
47104600000325
47104600000406
47104600000597
47104700000190
47104700000270
47104700000351
47104700000432
47104700000513
47104800000116
47104800000205
47104800000388
47104800000469
47104800000540
47104900000142
47104900000223
47104900000304
47104900000495
47104900000576
48100000000190
48100000000270
48100000000351
48100000000432
48100000000513
48100100000116
48100100000205
48100100000388
48100100000469
48100100000540
48100200000142
48100200000223
48100200000304
48100200000495
48100200000576
48100300000179
48100300000250
48100300000330
48100300000411
48100300000500
48100400000103
48100400000286
48100400000367
48100400000448
48100400000529
48100500000121
48100500000202
48100500000393
48100500000474
48100500000555
48100600000158
48100600000239
48100600000310
48100600000409
48100600000581
48100700000184
48100700000265
48100700000346
48100700000427
48100700000508
48100800000100
48100800000291
48100800000372
48100800000453
48100800000534
48100900000137
48100900000218
48100900000307
48100900000480
48100900000560
48101000000104
48101000000295
48101000000376
48101000000457
48101000000538
48101100000130
48101100000211
48101100000300
48101100000483
48101100000564
48101200000167
48101200000248
48101200000329
48101200000400
48101200000590
48101300000193
48101300000274
48101300000355
48101300000436
48101300000517
48101400000110
48101400000209
48101400000381
48101400000462
48101400000543
48101500000146
48101500000227
48101500000308
48101500000499
48101500000570
48101600000172
48101600000253
48101600000334
48101600000415
48101600000504
48101700000107
48101700000280
48101700000360
48101700000441
48101700000522
48101800000125
48101800000206
48101800000397
48101800000478
48101800000559
48101900000151
48101900000232
48101900000313
48101900000402
48101900000585
48102000000129
48102000000200
48102000000390
48102000000471
48102000000552
48102100000155
48102100000236
48102100000317
48102100000406
48102100000589
48102200000181
48102200000262
48102200000343
48102200000424
48102200000505
48102300000108
48102300000299
48102300000370
48102300000450
48102300000531
48102400000134
48102400000215
48102400000304
48102400000487
48102400000568
48102500000160
48102500000241
48102500000322
48102500000403
48102500000594
48102600000197
48102600000278
48102600000359
48102600000430
48102600000510
48102700000113
48102700000202
48102700000385
48102700000466
48102700000547
48102800000140
48102800000220
48102800000301
48102800000492
48102800000573
48102900000176
48102900000257
48102900000338
48102900000419
48102900000508
48103000000143
48103000000224
48103000000305
48103000000496
48103000000577
48103100000170
48103100000250
48103100000331
48103100000412
48103100000501
48103200000104
48103200000287
48103200000368
48103200000449
48103200000520
48103300000122
48103300000203
48103300000394
48103300000475
48103300000556
48103400000159
48103400000230
48103400000310
48103400000400
48103400000582
48103500000185
48103500000266
48103500000347
48103500000428
48103500000509
48103600000101
48103600000292
48103600000373
48103600000454
48103600000535
48103700000138
48103700000219
48103700000308
48103700000480
48103700000561
48103800000164
48103800000245
48103800000326
48103800000407
48103800000598
48103900000190
48103900000271
48103900000352
48103900000433
48103900000514
48104000000168
48104000000249
48104000000320
48104000000400
48104000000591
48104100000194
48104100000275
48104100000356
48104100000437
48104100000518
48104200000110
48104200000200
48104200000382
48104200000463
48104200000544
48104300000147
48104300000228
48104300000309
48104300000490
48104300000570
48104400000173
48104400000254
48104400000335
48104400000416
48104400000505
48104500000108
48104500000280
48104500000361
48104500000442
48104500000523
48104600000126
48104600000207
48104600000398
48104600000479
48104600000550
48104700000152
48104700000233
48104700000314
48104700000403
48104700000586
48104800000189
48104800000260
48104800000340
48104800000421
48104800000502
48104900000105
48104900000296
48104900000377
48104900000458
48104900000539
49100000000152
49100000000233
49100000000314
49100000000403
49100000000586
49100100000189
49100100000260
49100100000340
49100100000421
49100100000502
49100200000105
49100200000296
49100200000377
49100200000458
49100200000539
49100300000131
49100300000212
49100300000301
49100300000484
49100300000565
49100400000168
49100400000249
49100400000320
49100400000400
49100400000591
49100500000194
49100500000275
49100500000356
49100500000437
49100500000518
49100600000110
49100600000200
49100600000382
49100600000463
49100600000544
49100700000147
49100700000228
49100700000309
49100700000490
49100700000570
49100800000173
49100800000254
49100800000335
49100800000416
49100800000505
49100900000108
49100900000280
49100900000361
49100900000442
49100900000523
49101000000177
49101000000258
49101000000339
49101000000410
49101000000509
49101100000101
49101100000284
49101100000365
49101100000446
49101100000527
49101200000120
49101200000200
49101200000391
49101200000472
49101200000553
49101300000156
49101300000237
49101300000318
49101300000407
49101300000580
49101400000182
49101400000263
49101400000344
49101400000425
49101400000506
49101500000109
49101500000290
49101500000370
49101500000451
49101500000532
49101600000135
49101600000216
49101600000305
49101600000488
49101600000569
49101700000161
49101700000242
49101700000323
49101700000404
49101700000595
49101800000198
49101800000279
49101800000350
49101800000430
49101800000511
49101900000114
49101900000203
49101900000386
49101900000467
49101900000548
49102000000191
49102000000272
49102000000353
49102000000434
49102000000515
49102100000118
49102100000207
49102100000380
49102100000460
49102100000541
49102200000144
49102200000225
49102200000306
49102200000497
49102200000578
49102300000170
49102300000251
49102300000332
49102300000413
49102300000502
49102400000105
49102400000288
49102400000369
49102400000440
49102400000520
49102500000123
49102500000204
49102500000395
49102500000476
49102500000557
49102600000150
49102600000230
49102600000311
49102600000400
49102600000583
49102700000186
49102700000267
49102700000348
49102700000429
49102700000500
49102800000102
49102800000293
49102800000374
49102800000455
49102800000536
49102900000139
49102900000210
49102900000309
49102900000481
49102900000562
49103000000106
49103000000297
49103000000378
49103000000459
49103000000530
49103100000132
49103100000213
49103100000302
49103100000485
49103100000566
49103200000169
49103200000240
49103200000320
49103200000401
49103200000592
49103300000195
49103300000276
49103300000357
49103300000438
49103300000519
49103400000111
49103400000200
49103400000383
49103400000464
49103400000545
49103500000148
49103500000229
49103500000300
49103500000490
49103500000571
49103600000174
49103600000255
49103600000336
49103600000417
49103600000506
49103700000109
49103700000281
49103700000362
49103700000443
49103700000524
49103800000127
49103800000208
49103800000399
49103800000470
49103800000550
49103900000153
49103900000234
49103900000315
49103900000404
49103900000587
49104000000120
49104000000201
49104000000392
49104000000473
49104000000554
49104100000157
49104100000238
49104100000319
49104100000408
49104100000580
49104200000183
49104200000264
49104200000345
49104200000426
49104200000507
49104300000100
49104300000290
49104300000371
49104300000452
49104300000533
49104400000136
49104400000217
49104400000306
49104400000489
49104400000560
49104500000162
49104500000243
49104500000324
49104500000405
49104500000596
49104600000199
49104600000270
49104600000350
49104600000431
49104600000512
49104700000115
49104700000204
49104700000387
49104700000468
49104700000549
49104800000141
49104800000222
49104800000303
49104800000494
49104800000575
49104900000178
49104900000259
49104900000330
49104900000410
49104900000500
41100000000140
41100000000221
41100000000302
41100000000493
41100000000574
41100100000177
41100100000258
41100100000339
41100100000410
41100100000509
41100200000101
41100200000284
41100200000365
41100200000446
41100200000527
41100300000120
41100300000200
41100300000391
41100300000472
41100300000553
41100400000156
41100400000237
41100400000318
41100400000407
41100400000580
41100500000182
41100500000263
41100500000344
41100500000425
41100500000506
41100600000109
41100600000290
41100600000370
41100600000451
41100600000532
41100700000135
41100700000216
41100700000305
41100700000488
41100700000569
41100800000161
41100800000242
41100800000323
41100800000404
41100800000595
41100900000198
41100900000279
41100900000350
41100900000430
41100900000511
41101000000165
41101000000246
41101000000327
41101000000408
41101000000599
41101100000191
41101100000272
41101100000353
41101100000434
41101100000515
41101200000118
41101200000207
41101200000380
41101200000460
41101200000541
41101300000144
41101300000225
41101300000306
41101300000497
41101300000578
41101400000170
41101400000251
41101400000332
41101400000413
41101400000502
41101500000105
41101500000288
41101500000369
41101500000440
41101500000520
41101600000123
41101600000204
41101600000395
41101600000476
41101600000557
41101700000150
41101700000230
41101700000311
41101700000400
41101700000583
41101800000186
41101800000267
41101800000348
41101800000429
41101800000500
41101900000102
41101900000293
41101900000374
41101900000455
41101900000536
41102000000180
41102000000260
41102000000341
41102000000422
41102000000503
41102100000106
41102100000297
41102100000378
41102100000459
41102100000530
41102200000132
41102200000213
41102200000302
41102200000485
41102200000566
41102300000169
41102300000240
41102300000320
41102300000401
41102300000592
41102400000195
41102400000276
41102400000357
41102400000438
41102400000519
41102500000111
41102500000200
41102500000383
41102500000464
41102500000545
41102600000148
41102600000229
41102600000300
41102600000490
41102600000571
41102700000174
41102700000255
41102700000336
41102700000417
41102700000506
41102800000109
41102800000281
41102800000362
41102800000443
41102800000524
41102900000127
41102900000208
41102900000399
41102900000470
41102900000550
42100000000103
42100000000294
42100000000375
42100000000456
42100000000537
42100100000130
42100100000210
42100100000300
42100100000482
42100100000563
42100200000166
42100200000247
42100200000328
42100200000409
42100200000590
42100300000192
42100300000273
42100300000354
42100300000435
42100300000516
42100400000119
42100400000208
42100400000380
42100400000461
42100400000542
42100500000145
42100500000226
42100500000307
42100500000498
42100500000579
42100600000171
42100600000252
42100600000333
42100600000414
42100600000503
42100700000106
42100700000289
42100700000360
42100700000440
42100700000521
42100800000124
42100800000205
42100800000396
42100800000477
42100800000558
42100900000150
42100900000231
42100900000312
42100900000401
42100900000584
42101000000128
42101000000209
42101000000390
42101000000470
42101000000551
42101100000154
42101100000235
42101100000316
42101100000405
42101100000588
42101200000180
42101200000261
42101200000342
42101200000423
42101200000504
42101300000107
42101300000298
42101300000379
42101300000450
42101300000530
42101400000133
42101400000214
42101400000303
42101400000486
42101400000567
42101500000160
42101500000240
42101500000321
42101500000402
42101500000593
42101600000196
42101600000277
42101600000358
42101600000439
42101600000510
42101700000112
42101700000201
42101700000384
42101700000465
42101700000546
42101800000149
42101800000220
42101800000300
42101800000491
42101800000572
42101900000175
42101900000256
42101900000337
42101900000418
42101900000507
42102000000142
42102000000223
42102000000304
42102000000495
42102000000576
42102100000179
42102100000250
42102100000330
42102100000411
42102100000500
42102200000103
42102200000286
42102200000367
42102200000448
42102200000529
42102300000121
42102300000202
42102300000393
42102300000474
42102300000555
42102400000158
42102400000239
42102400000310
42102400000409
42102400000581
42102500000184
42102500000265
42102500000346
42102500000427
42102500000508
42102600000100
42102600000291
42102600000372
42102600000453
42102600000534
42102700000137
42102700000218
42102700000307
42102700000480
42102700000560
42102800000163
42102800000244
42102800000325
42102800000406
42102800000597
42102900000190
42102900000270
42102900000351
42102900000432
42102900000513
43100000000176
43100000000257
43100000000338
43100000000419
43100000000508
43100100000100
43100100000283
43100100000364
43100100000445
43100100000526
43100200000129
43100200000200
43100200000390
43100200000471
43100200000552
43100300000155
43100300000236
43100300000317
43100300000406
43100300000589
43100400000181
43100400000262
43100400000343
43100400000424
43100400000505
43100500000108
43100500000299
43100500000370
43100500000450
43100500000531
43100600000134
43100600000215
43100600000304
43100600000487
43100600000568
43100700000160
43100700000241
43100700000322
43100700000403
43100700000594
43100800000197
43100800000278
43100800000359
43100800000430
43100800000510
43100900000113
43100900000202
43100900000385
43100900000466
43100900000547
43101000000190
43101000000271
43101000000352
43101000000433
43101000000514
43101100000117
43101100000206
43101100000389
43101100000460
43101100000540
43101200000143
43101200000224
43101200000305
43101200000496
43101200000577
43101300000170
43101300000250
43101300000331
43101300000412
43101300000501
43101400000104
43101400000287
43101400000368
43101400000449
43101400000520
43101500000122
43101500000203
43101500000394
43101500000475
43101500000556
43101600000159
43101600000230
43101600000310
43101600000400
43101600000582
43101700000185
43101700000266
43101700000347
43101700000428
43101700000509
43101800000101
43101800000292
43101800000373
43101800000454
43101800000535
43101900000138
43101900000219
43101900000308
43101900000480
43101900000561
43102000000105
43102000000296
43102000000377
43102000000458
43102000000539
43102100000131
43102100000212
43102100000301
43102100000484
43102100000565
43102200000168
43102200000249
43102200000320
43102200000400
43102200000591
43102300000194
43102300000275
43102300000356
43102300000437
43102300000518
43102400000110
43102400000200
43102400000382
43102400000463
43102400000544
43102500000147
43102500000228
43102500000309
43102500000490
43102500000570
43102600000173
43102600000254
43102600000335
43102600000416
43102600000505
43102700000108
43102700000280
43102700000361
43102700000442
43102700000523
43102800000126
43102800000207
43102800000398
43102800000479
43102800000550
43102900000152
43102900000233
43102900000314
43102900000403
43102900000586